"","Complaint Year Number","Month Number","County","Law Code Category Description","Offense Category","Bias Motive Description"
"1",2019,2,"BRONX","FELONY","Sexual Orientation","ANTI-MALE HOMOSEXUAL (GAY)"
"2",2019,3,"BRONX","MISDEMEANOR","Race/Color","ANTI-WHITE"
"3",2019,3,"BRONX","MISDEMEANOR","Race/Color","ANTI-WHITE"
"4",2019,3,"BRONX","MISDEMEANOR","Race/Color","ANTI-WHITE"
"5",2019,5,"BRONX","FELONY","Religion/Religious Practice","ANTI-MUSLIM"
"6",2019,5,"BRONX","FELONY","Religion/Religious Practice","ANTI-MUSLIM"
"7",2019,5,"BRONX","FELONY","Religion/Religious Practice","ANTI-MUSLIM"
"8",2019,6,"BRONX","FELONY","Race/Color","ANTI-WHITE"
"9",2019,7,"BRONX","FELONY","Ethnicity/National Origin/Ancestry","ANTI-HISPANIC"
"10",2019,8,"BRONX","MISDEMEANOR","Gender","ANTI-TRANSGENDER"
"11",2019,10,"BRONX","FELONY","Religion/Religious Practice","ANTI-MUSLIM"
"12",2019,10,"BRONX","FELONY","Religion/Religious Practice","ANTI-MUSLIM"
"13",2019,12,"KINGS","FELONY","Religion/Religious Practice","ANTI-JEWISH"
"14",2020,2,"BRONX","MISDEMEANOR","Sexual Orientation","ANTI-MALE HOMOSEXUAL (GAY)"
"15",2020,3,"BRONX","FELONY","Race/Color","ANTI-ASIAN"
"16",2020,3,"BRONX","FELONY","Race/Color","ANTI-ASIAN"
"17",2020,3,"BRONX","FELONY","Race/Color","ANTI-ASIAN"
"18",2020,4,"BRONX","FELONY","Religion/Religious Practice","ANTI-JEWISH"
"19",2020,7,"BRONX","FELONY","Sexual Orientation","ANTI-MALE HOMOSEXUAL (GAY)"
"20",2020,7,"BRONX","FELONY","Sexual Orientation","ANTI-MALE HOMOSEXUAL (GAY)"
"21",2020,7,"BRONX","FELONY","Race/Color","ANTI-ASIAN"
"22",2020,10,"BRONX","MISDEMEANOR","Sexual Orientation","ANTI-MALE HOMOSEXUAL (GAY)"
"23",2020,3,"BRONX","FELONY","Race/Color","ANTI-ASIAN"
"24",2020,7,"BRONX","MISDEMEANOR","Race/Color","ANTI-BLACK"
"25",2020,12,"BRONX","FELONY","Sexual Orientation","ANTI-FEMALE HOMOSEXUAL (LESBIAN)"
"26",2021,3,"BRONX","FELONY","Ethnicity/National Origin/Ancestry","ANTI-HISPANIC"
"27",2021,3,"BRONX","FELONY","Religion/Religious Practice","ANTI-JEWISH"
"28",2021,4,"BRONX","MISDEMEANOR","Sexual Orientation","ANTI-MALE HOMOSEXUAL (GAY)"
"29",2021,4,"BRONX","FELONY","Religion/Religious Practice","ANTI-JEWISH"
"30",2021,5,"BRONX","FELONY","Religion/Religious Practice","ANTI-JEWISH"
"31",2021,4,"BRONX","FELONY","Religion/Religious Practice","ANTI-JEWISH"
"32",2021,5,"BRONX","FELONY","Religion/Religious Practice","ANTI-JEWISH"
"33",2021,4,"BRONX","FELONY","Religion/Religious Practice","ANTI-JEWISH"
"34",2021,4,"BRONX","MISDEMEANOR","Religion/Religious Practice","ANTI-JEWISH"
"35",2021,4,"BRONX","MISDEMEANOR","Religion/Religious Practice","ANTI-JEWISH"
"36",2021,4,"BRONX","FELONY","Religion/Religious Practice","ANTI-JEWISH"
"37",2021,4,"BRONX","MISDEMEANOR","Religion/Religious Practice","ANTI-JEWISH"
"38",2021,4,"BRONX","MISDEMEANOR","Religion/Religious Practice","ANTI-JEWISH"
"39",2021,4,"BRONX","MISDEMEANOR","Religion/Religious Practice","ANTI-JEWISH"
"40",2021,4,"BRONX","MISDEMEANOR","Religion/Religious Practice","ANTI-JEWISH"
"41",2021,4,"BRONX","MISDEMEANOR","Religion/Religious Practice","ANTI-JEWISH"
"42",2021,9,"BRONX","FELONY","Religion/Religious Practice","ANTI-JEWISH"
"43",2019,1,"KINGS","MISDEMEANOR","Race/Color","ANTI-WHITE"
"44",2019,1,"KINGS","FELONY","Gender","ANTI-TRANSGENDER"
"45",2019,1,"KINGS","FELONY","Race/Color","ANTI-ASIAN"
"46",2019,1,"KINGS","FELONY","Religion/Religious Practice","ANTI-JEWISH"
"47",2019,1,"KINGS","FELONY","Religion/Religious Practice","ANTI-JEWISH"
"48",2019,1,"KINGS","FELONY","Religion/Religious Practice","ANTI-JEWISH"
"49",2019,2,"KINGS","MISDEMEANOR","Religion/Religious Practice","ANTI-JEWISH"
"50",2019,2,"KINGS","FELONY","Religion/Religious Practice","ANTI-JEWISH"
"51",2019,3,"KINGS","FELONY","Ethnicity/National Origin/Ancestry","ANTI-HISPANIC"
"52",2019,3,"KINGS","MISDEMEANOR","Sexual Orientation","ANTI-MALE HOMOSEXUAL (GAY)"
"53",2019,3,"KINGS","MISDEMEANOR","Race/Color","ANTI-BLACK"
"54",2019,3,"KINGS","MISDEMEANOR","Race/Color","ANTI-BLACK"
"55",2019,3,"KINGS","FELONY","Religion/Religious Practice","ANTI-JEWISH"
"56",2019,4,"KINGS","MISDEMEANOR","Religion/Religious Practice","ANTI-JEWISH"
"57",2019,1,"KINGS","MISDEMEANOR","Religion/Religious Practice","ANTI-JEWISH"
"58",2019,4,"KINGS","FELONY","Religion/Religious Practice","ANTI-JEWISH"
"59",2019,4,"KINGS","FELONY","Religion/Religious Practice","ANTI-JEWISH"
"60",2019,3,"KINGS","MISDEMEANOR","Religion/Religious Practice","ANTI-MUSLIM"
"61",2019,4,"KINGS","FELONY","Sexual Orientation","ANTI-FEMALE HOMOSEXUAL (LESBIAN)"
"62",2019,5,"KINGS","MISDEMEANOR","Religion/Religious Practice","ANTI-JEWISH"
"63",2019,5,"KINGS","FELONY","Gender","ANTI-TRANSGENDER"
"64",2019,5,"KINGS","FELONY","Religion/Religious Practice","ANTI-JEWISH"
"65",2019,6,"KINGS","MISDEMEANOR","Sexual Orientation","ANTI-MALE HOMOSEXUAL (GAY)"
"66",2019,6,"KINGS","FELONY","Religion/Religious Practice","ANTI-JEWISH"
"67",2019,6,"KINGS","FELONY","Ethnicity/National Origin/Ancestry","ANTI-ARAB"
"68",2019,6,"KINGS","FELONY","Ethnicity/National Origin/Ancestry","ANTI-ARAB"
"69",2019,6,"KINGS","FELONY","Religion/Religious Practice","ANTI-MUSLIM"
"70",2019,5,"KINGS","FELONY","Sexual Orientation","ANTI-MALE HOMOSEXUAL (GAY)"
"71",2019,7,"KINGS","FELONY","Sexual Orientation","ANTI-MALE HOMOSEXUAL (GAY)"
"72",2019,7,"KINGS","FELONY","Sexual Orientation","ANTI-MALE HOMOSEXUAL (GAY)"
"73",2019,6,"KINGS","FELONY","Gender","ANTI-TRANSGENDER"
"74",2019,7,"KINGS","FELONY","Race/Color","ANTI-BLACK"
"75",2019,7,"KINGS","MISDEMEANOR","Race/Color","ANTI-BLACK"
"76",2019,7,"KINGS","FELONY","Sexual Orientation","ANTI-MALE HOMOSEXUAL (GAY)"
"77",2019,7,"KINGS","FELONY","Sexual Orientation","ANTI-MALE HOMOSEXUAL (GAY)"
"78",2019,8,"KINGS","MISDEMEANOR","Religion/Religious Practice","ANTI-JEWISH"
"79",2019,8,"KINGS","FELONY","Sexual Orientation","ANTI-MALE HOMOSEXUAL (GAY)"
"80",2019,8,"KINGS","MISDEMEANOR","Religion/Religious Practice","ANTI-MUSLIM"
"81",2019,8,"KINGS","FELONY","Religion/Religious Practice","ANTI-JEWISH"
"82",2019,9,"KINGS","MISDEMEANOR","Sexual Orientation","ANTI-MALE HOMOSEXUAL (GAY)"
"83",2019,9,"KINGS","MISDEMEANOR","Ethnicity/National Origin/Ancestry","ANTI-ARAB"
"84",2019,10,"KINGS","MISDEMEANOR","Sexual Orientation","ANTI-MALE HOMOSEXUAL (GAY)"
"85",2019,10,"KINGS","FELONY","Sexual Orientation","ANTI-MALE HOMOSEXUAL (GAY)"
"86",2019,11,"KINGS","FELONY","Religion/Religious Practice","ANTI-CATHOLIC"
"87",2019,11,"KINGS","FELONY","Sexual Orientation","ANTI-MALE HOMOSEXUAL (GAY)"
"88",2019,11,"KINGS","MISDEMEANOR","Religion/Religious Practice","ANTI-JEWISH"
"89",2019,11,"KINGS","FELONY","Religion/Religious Practice","ANTI-JEWISH"
"90",2019,11,"KINGS","FELONY","Religion/Religious Practice","ANTI-JEWISH"
"91",2019,11,"KINGS","FELONY","Religion/Religious Practice","ANTI-JEWISH"
"92",2019,11,"KINGS","FELONY","Religion/Religious Practice","ANTI-JEWISH"
"93",2019,12,"KINGS","FELONY","Religion/Religious Practice","ANTI-MUSLIM"
"94",2019,12,"KINGS","FELONY","Religion/Religious Practice","ANTI-JEWISH"
"95",2019,12,"KINGS","FELONY","Religion/Religious Practice","ANTI-JEWISH"
"96",2019,12,"KINGS","FELONY","Religion/Religious Practice","ANTI-JEWISH"
"97",2019,12,"KINGS","FELONY","Religion/Religious Practice","ANTI-JEWISH"
"98",2020,1,"KINGS","FELONY","Religion/Religious Practice","ANTI-JEWISH"
"99",2020,1,"KINGS","MISDEMEANOR","Religion/Religious Practice","ANTI-JEWISH"
"100",2020,1,"KINGS","FELONY","Race/Color","ANTI-ASIAN"
"101",2020,2,"KINGS","FELONY","Religion/Religious Practice","ANTI-JEWISH"
"102",2020,3,"KINGS","MISDEMEANOR","Religion/Religious Practice","ANTI-JEWISH"
"103",2020,3,"KINGS","FELONY","Race/Color","ANTI-ASIAN"
"104",2020,3,"KINGS","MISDEMEANOR","Race/Color","ANTI-ASIAN"
"105",2020,5,"KINGS","MISDEMEANOR","Religion/Religious Practice","ANTI-JEWISH"
"106",2020,5,"KINGS","MISDEMEANOR","Religion/Religious Practice","ANTI-JEWISH"
"107",2020,3,"KINGS","FELONY","Race/Color","ANTI-ASIAN"
"108",2020,3,"KINGS","MISDEMEANOR","Race/Color","ANTI-ASIAN"
"109",2020,4,"KINGS","FELONY","Religion/Religious Practice","ANTI-JEWISH"
"110",2020,5,"KINGS","MISDEMEANOR","Gender","ANTI-GENDER NON-CONFORMING"
"111",2020,5,"KINGS","FELONY","Gender","ANTI-TRANSGENDER"
"112",2020,5,"KINGS","FELONY","Religion/Religious Practice","ANTI-JEWISH"
"113",2020,5,"KINGS","FELONY","Religion/Religious Practice","ANTI-JEWISH"
"114",2020,4,"KINGS","FELONY","Religion/Religious Practice","ANTI-JEWISH"
"115",2020,6,"KINGS","MISDEMEANOR","Religion/Religious Practice","ANTI-JEWISH"
"116",2020,5,"KINGS","MISDEMEANOR","Religion/Religious Practice","ANTI-JEWISH"
"117",2020,6,"KINGS","FELONY","Race/Color","ANTI-WHITE"
"118",2020,8,"KINGS","FELONY","Sexual Orientation","ANTI-MALE HOMOSEXUAL (GAY)"
"119",2020,8,"KINGS","MISDEMEANOR","Religion/Religious Practice","ANTI-JEWISH"
"120",2020,10,"KINGS","FELONY","Religion/Religious Practice","ANTI-JEWISH"
"121",2020,11,"KINGS","MISDEMEANOR","Religion/Religious Practice","ANTI-JEWISH"
"122",2020,11,"KINGS","FELONY","Religion/Religious Practice","ANTI-JEWISH"
"123",2020,11,"KINGS","MISDEMEANOR","Gender","ANTI-FEMALE"
"124",2020,12,"KINGS","MISDEMEANOR","Gender","ANTI-FEMALE"
"125",2020,12,"KINGS","MISDEMEANOR","Gender","ANTI-FEMALE"
"126",2020,12,"KINGS","MISDEMEANOR","Gender","ANTI-FEMALE"
"127",2020,12,"KINGS","FELONY","Religion/Religious Practice","ANTI-JEWISH"
"128",2020,12,"KINGS","FELONY","Religion/Religious Practice","ANTI-JEWISH"
"129",2020,12,"KINGS","FELONY","Religion/Religious Practice","ANTI-JEWISH"
"130",2020,12,"KINGS","FELONY","Religion/Religious Practice","ANTI-JEWISH"
"131",2021,1,"KINGS","FELONY","Gender","ANTI-FEMALE"
"132",2020,8,"KINGS","MISDEMEANOR","Gender","ANTI-FEMALE"
"133",2020,11,"KINGS","MISDEMEANOR","Gender","ANTI-FEMALE"
"134",2020,11,"KINGS","MISDEMEANOR","Gender","ANTI-FEMALE"
"135",2020,12,"KINGS","MISDEMEANOR","Gender","ANTI-FEMALE"
"136",2020,12,"KINGS","MISDEMEANOR","Gender","ANTI-FEMALE"
"137",2020,12,"KINGS","MISDEMEANOR","Gender","ANTI-FEMALE"
"138",2021,1,"KINGS","MISDEMEANOR","Gender","ANTI-FEMALE"
"139",2021,1,"KINGS","MISDEMEANOR","Gender","ANTI-FEMALE"
"140",2021,2,"KINGS","MISDEMEANOR","Race/Color","ANTI-ASIAN"
"141",2021,3,"KINGS","FELONY","Race/Color","ANTI-ASIAN"
"142",2021,2,"KINGS","MISDEMEANOR","Sexual Orientation","ANTI-MALE HOMOSEXUAL (GAY)"
"143",2021,3,"KINGS","MISDEMEANOR","Race/Color","ANTI-ASIAN"
"144",2021,3,"KINGS","MISDEMEANOR","Race/Color","ANTI-ASIAN"
"145",2021,3,"KINGS","MISDEMEANOR","Race/Color","ANTI-ASIAN"
"146",2021,4,"KINGS","FELONY","Race/Color","ANTI-ASIAN"
"147",2021,4,"KINGS","FELONY","Race/Color","ANTI-ASIAN"
"148",2021,5,"KINGS","FELONY","Religion/Religious Practice","ANTI-CATHOLIC"
"149",2021,5,"KINGS","FELONY","Religion/Religious Practice","ANTI-CATHOLIC"
"150",2021,5,"KINGS","FELONY","Religion/Religious Practice","ANTI-JEWISH"
"151",2021,5,"KINGS","FELONY","Religion/Religious Practice","ANTI-JEWISH"
"152",2021,5,"KINGS","MISDEMEANOR","Religion/Religious Practice","ANTI-JEWISH"
"153",2021,5,"KINGS","MISDEMEANOR","Religion/Religious Practice","ANTI-JEWISH"
"154",2021,5,"KINGS","MISDEMEANOR","Religion/Religious Practice","ANTI-JEWISH"
"155",2021,5,"KINGS","MISDEMEANOR","Religion/Religious Practice","ANTI-JEWISH"
"156",2021,5,"KINGS","MISDEMEANOR","Religion/Religious Practice","ANTI-JEWISH"
"157",2021,5,"KINGS","MISDEMEANOR","Religion/Religious Practice","ANTI-JEWISH"
"158",2021,5,"KINGS","FELONY","Religion/Religious Practice","ANTI-JEWISH"
"159",2021,5,"KINGS","FELONY","Religion/Religious Practice","ANTI-JEWISH"
"160",2021,6,"KINGS","FELONY","Race/Color","ANTI-ASIAN"
"161",2021,6,"KINGS","FELONY","Race/Color","ANTI-ASIAN"
"162",2021,6,"KINGS","FELONY","Ethnicity/National Origin/Ancestry","ANTI-HISPANIC"
"163",2021,6,"KINGS","FELONY","Religion/Religious Practice","ANTI-JEWISH"
"164",2021,6,"KINGS","MISDEMEANOR","Race/Color","ANTI-ASIAN"
"165",2021,6,"KINGS","FELONY","Sexual Orientation","ANTI-MALE HOMOSEXUAL (GAY)"
"166",2021,5,"KINGS","MISDEMEANOR","Race/Color","ANTI-ASIAN"
"167",2021,8,"KINGS","MISDEMEANOR","Race/Color","ANTI-ASIAN"
"168",2021,7,"KINGS","FELONY","Religion/Religious Practice","ANTI-JEWISH"
"169",2021,9,"KINGS","FELONY","Sexual Orientation","ANTI-MALE HOMOSEXUAL (GAY)"
"170",2021,9,"KINGS","MISDEMEANOR","Sexual Orientation","ANTI-MALE HOMOSEXUAL (GAY)"
"171",2021,9,"KINGS","MISDEMEANOR","Religion/Religious Practice","ANTI-JEWISH"
"172",2021,9,"KINGS","MISDEMEANOR","Religion/Religious Practice","ANTI-JEWISH"
"173",2021,7,"KINGS","MISDEMEANOR","Race/Color","ANTI-BLACK"
"174",2019,1,"NEW YORK","MISDEMEANOR","Religion/Religious Practice","ANTI-JEWISH"
"175",2019,2,"NEW YORK","FELONY","Race/Color","ANTI-BLACK"
"176",2019,2,"NEW YORK","FELONY","Race/Color","ANTI-BLACK"
"177",2019,2,"NEW YORK","MISDEMEANOR","Religion/Religious Practice","ANTI-MUSLIM"
"178",2019,3,"NEW YORK","FELONY","Race/Color","ANTI-WHITE"
"179",2019,3,"NEW YORK","MISDEMEANOR","Religion/Religious Practice","ANTI-JEWISH"
"180",2019,3,"NEW YORK","FELONY","Sexual Orientation","ANTI-MALE HOMOSEXUAL (GAY)"
"181",2019,4,"NEW YORK","FELONY","Religion/Religious Practice","ANTI-JEWISH"
"182",2019,3,"NEW YORK","MISDEMEANOR","Sexual Orientation","ANTI-MALE HOMOSEXUAL (GAY)"
"183",2019,3,"NEW YORK","FELONY","Ethnicity/National Origin/Ancestry","ANTI-HISPANIC"
"184",2019,6,"NEW YORK","FELONY","Race/Color","ANTI-BLACK"
"185",2019,6,"NEW YORK","FELONY","Religion/Religious Practice","ANTI-MUSLIM"
"186",2019,6,"NEW YORK","MISDEMEANOR","Religion/Religious Practice","ANTI-JEWISH"
"187",2019,3,"NEW YORK","MISDEMEANOR","Race/Color","ANTI-WHITE"
"188",2019,5,"NEW YORK","MISDEMEANOR","Sexual Orientation","ANTI-LGBT (MIXED GROUP)"
"189",2019,7,"NEW YORK","MISDEMEANOR","Sexual Orientation","ANTI-MALE HOMOSEXUAL (GAY)"
"190",2019,6,"NEW YORK","MISDEMEANOR","Religion/Religious Practice","ANTI-JEWISH"
"191",2019,7,"NEW YORK","MISDEMEANOR","Race/Color","ANTI-WHITE"
"192",2019,7,"NEW YORK","FELONY","Religion/Religious Practice","ANTI-JEWISH"
"193",2019,8,"NEW YORK","FELONY","Race/Color","ANTI-WHITE"
"194",2019,8,"NEW YORK","MISDEMEANOR","Race/Color","ANTI-WHITE"
"195",2019,8,"NEW YORK","FELONY","Race/Color","ANTI-WHITE"
"196",2019,8,"NEW YORK","MISDEMEANOR","Race/Color","ANTI-WHITE"
"197",2019,8,"NEW YORK","MISDEMEANOR","Race/Color","ANTI-WHITE"
"198",2019,9,"NEW YORK","FELONY","Sexual Orientation","ANTI-FEMALE HOMOSEXUAL (LESBIAN)"
"199",2019,9,"NEW YORK","FELONY","Sexual Orientation","ANTI-FEMALE HOMOSEXUAL (LESBIAN)"
"200",2019,9,"NEW YORK","FELONY","Sexual Orientation","ANTI-FEMALE HOMOSEXUAL (LESBIAN)"
"201",2019,3,"NEW YORK","FELONY","Religion/Religious Practice","ANTI-JEWISH"
"202",2019,8,"NEW YORK","MISDEMEANOR","Race/Color","ANTI-MULTI-RACIAL GROUPS"
"203",2019,10,"NEW YORK","MISDEMEANOR","Sexual Orientation","ANTI-MALE HOMOSEXUAL (GAY)"
"204",2019,6,"NEW YORK","FELONY","Religion/Religious Practice","ANTI-JEWISH"
"205",2019,11,"NEW YORK","FELONY","Sexual Orientation","ANTI-FEMALE HOMOSEXUAL (LESBIAN)"
"206",2019,8,"NEW YORK","FELONY","Religion/Religious Practice","ANTI-JEWISH"
"207",2019,12,"NEW YORK","FELONY","Religion/Religious Practice","ANTI-JEWISH"
"208",2020,1,"NEW YORK","FELONY","Religion/Religious Practice","ANTI-JEWISH"
"209",2020,1,"NEW YORK","MISDEMEANOR","Religion/Religious Practice","ANTI-JEWISH"
"210",2020,1,"NEW YORK","MISDEMEANOR","Sexual Orientation","ANTI-LGBT (MIXED GROUP)"
"211",2019,11,"NEW YORK","MISDEMEANOR","Ethnicity/National Origin/Ancestry","ANTI-HISPANIC"
"212",2020,2,"NEW YORK","MISDEMEANOR","Race/Color","ANTI-BLACK"
"213",2020,1,"NEW YORK","MISDEMEANOR","Sexual Orientation","ANTI-LGBT (MIXED GROUP)"
"214",2020,2,"NEW YORK","MISDEMEANOR","Race/Color","ANTI-WHITE"
"215",2020,3,"NEW YORK","MISDEMEANOR","Race/Color","ANTI-ASIAN"
"216",2020,3,"NEW YORK","FELONY","Race/Color","ANTI-ASIAN"
"217",2020,3,"NEW YORK","MISDEMEANOR","Race/Color","ANTI-ASIAN"
"218",2020,3,"NEW YORK","MISDEMEANOR","Race/Color","ANTI-ASIAN"
"219",2020,3,"NEW YORK","MISDEMEANOR","Race/Color","ANTI-ASIAN"
"220",2020,5,"NEW YORK","FELONY","Race/Color","ANTI-ASIAN"
"221",2020,6,"NEW YORK","FELONY","Sexual Orientation","ANTI-MALE HOMOSEXUAL (GAY)"
"222",2020,5,"NEW YORK","FELONY","Sexual Orientation","ANTI-MALE HOMOSEXUAL (GAY)"
"223",2020,8,"NEW YORK","FELONY","Race/Color","ANTI-WHITE"
"224",2019,12,"NEW YORK","FELONY","Unclassified","ANTI-JEWISH"
"225",2020,5,"NEW YORK","MISDEMEANOR","Race/Color","ANTI-ASIAN"
"226",2020,10,"NEW YORK","MISDEMEANOR","Religion/Religious Practice","ANTI-JEWISH"
"227",2020,10,"NEW YORK","MISDEMEANOR","Sexual Orientation","ANTI-MALE HOMOSEXUAL (GAY)"
"228",2020,11,"NEW YORK","MISDEMEANOR","Religion/Religious Practice","ANTI-JEWISH"
"229",2020,12,"NEW YORK","FELONY","Sexual Orientation","ANTI-MALE HOMOSEXUAL (GAY)"
"230",2020,12,"NEW YORK","FELONY","Race/Color","ANTI-BLACK"
"231",2020,12,"NEW YORK","MISDEMEANOR","Race/Color","ANTI-ASIAN"
"232",2020,11,"NEW YORK","MISDEMEANOR","Sexual Orientation","ANTI-MALE HOMOSEXUAL (GAY)"
"233",2020,12,"NEW YORK","FELONY","Race/Color","ANTI-ASIAN"
"234",2021,2,"NEW YORK","MISDEMEANOR","Gender","ANTI-TRANSGENDER"
"235",2021,1,"NEW YORK","MISDEMEANOR","Sexual Orientation","ANTI-MALE HOMOSEXUAL (GAY)"
"236",2020,1,"NEW YORK","FELONY","Sexual Orientation","ANTI-MALE HOMOSEXUAL (GAY)"
"237",2021,2,"NEW YORK","FELONY","Religion/Religious Practice","ANTI-JEWISH"
"238",2021,2,"NEW YORK","FELONY","Race/Color","ANTI-ASIAN"
"239",2021,2,"NEW YORK","MISDEMEANOR","Religion/Religious Practice","ANTI-JEWISH"
"240",2021,3,"NEW YORK","FELONY","Religion/Religious Practice","ANTI-JEWISH"
"241",2021,1,"NEW YORK","MISDEMEANOR","Ethnicity/National Origin/Ancestry","ANTI-OTHER ETHNICITY"
"242",2021,3,"NEW YORK","FELONY","Race/Color","ANTI-ASIAN"
"243",2021,3,"NEW YORK","MISDEMEANOR","Race/Color","ANTI-ASIAN"
"244",2021,3,"NEW YORK","FELONY","Race/Color","ANTI-ASIAN"
"245",2021,3,"NEW YORK","MISDEMEANOR","Religion/Religious Practice","ANTI-JEWISH"
"246",2021,3,"NEW YORK","FELONY","Race/Color","ANTI-ASIAN"
"247",2021,3,"NEW YORK","MISDEMEANOR","Race/Color","ANTI-ASIAN"
"248",2021,3,"NEW YORK","FELONY","Race/Color","ANTI-ASIAN"
"249",2021,4,"NEW YORK","MISDEMEANOR","Race/Color","ANTI-ASIAN"
"250",2021,4,"NEW YORK","MISDEMEANOR","Race/Color","ANTI-ASIAN"
"251",2021,4,"NEW YORK","MISDEMEANOR","Race/Color","ANTI-ASIAN"
"252",2020,12,"NEW YORK","FELONY","Race/Color","ANTI-ASIAN"
"253",2021,4,"NEW YORK","MISDEMEANOR","Race/Color","ANTI-ASIAN"
"254",2021,4,"NEW YORK","MISDEMEANOR","Race/Color","ANTI-ASIAN"
"255",2021,4,"NEW YORK","FELONY","Race/Color","ANTI-ASIAN"
"256",2021,4,"NEW YORK","FELONY","Race/Color","ANTI-ASIAN"
"257",2021,5,"NEW YORK","MISDEMEANOR","Race/Color","ANTI-ASIAN"
"258",2021,4,"NEW YORK","MISDEMEANOR","Race/Color","ANTI-ASIAN"
"259",2021,3,"NEW YORK","FELONY","Race/Color","ANTI-ASIAN"
"260",2021,5,"NEW YORK","FELONY","Race/Color","ANTI-ASIAN"
"261",2021,5,"NEW YORK","FELONY","Religion/Religious Practice","ANTI-JEWISH"
"262",2021,5,"NEW YORK","FELONY","Religion/Religious Practice","ANTI-JEWISH"
"263",2021,5,"NEW YORK","MISDEMEANOR","Race/Color","ANTI-ASIAN"
"264",2021,5,"NEW YORK","FELONY","Religion/Religious Practice","ANTI-JEWISH"
"265",2021,4,"NEW YORK","MISDEMEANOR","Sexual Orientation","ANTI-MALE HOMOSEXUAL (GAY)"
"266",2021,6,"NEW YORK","MISDEMEANOR","Gender","ANTI-GENDER NON-CONFORMING"
"267",2021,6,"NEW YORK","FELONY","Gender","ANTI-GENDER NON-CONFORMING"
"268",2021,6,"NEW YORK","MISDEMEANOR","Race/Color","ANTI-WHITE"
"269",2021,5,"NEW YORK","FELONY","Religion/Religious Practice","ANTI-JEWISH"
"270",2021,4,"NEW YORK","MISDEMEANOR","Religion/Religious Practice","ANTI-JEWISH"
"271",2021,4,"NEW YORK","FELONY","Religion/Religious Practice","ANTI-JEWISH"
"272",2021,6,"NEW YORK","MISDEMEANOR","Race/Color","ANTI-ASIAN"
"273",2021,6,"NEW YORK","MISDEMEANOR","Sexual Orientation","ANTI-MALE HOMOSEXUAL (GAY)"
"274",2021,6,"NEW YORK","MISDEMEANOR","Religion/Religious Practice","ANTI-CATHOLIC"
"275",2021,5,"NEW YORK","FELONY","Religion/Religious Practice","ANTI-JEWISH"
"276",2021,6,"NEW YORK","FELONY","Sexual Orientation","ANTI-MALE HOMOSEXUAL (GAY)"
"277",2021,6,"NEW YORK","FELONY","Race/Color","ANTI-ASIAN"
"278",2021,3,"NEW YORK","FELONY","Race/Color","ANTI-ASIAN"
"279",2021,5,"NEW YORK","FELONY","Religion/Religious Practice","ANTI-JEWISH"
"280",2021,5,"NEW YORK","MISDEMEANOR","Religion/Religious Practice","ANTI-JEWISH"
"281",2021,5,"NEW YORK","FELONY","Religion/Religious Practice","ANTI-JEWISH"
"282",2021,7,"NEW YORK","FELONY","Race/Color","ANTI-ASIAN"
"283",2021,6,"NEW YORK","FELONY","Sexual Orientation","ANTI-MALE HOMOSEXUAL (GAY)"
"284",2021,7,"NEW YORK","FELONY","Ethnicity/National Origin/Ancestry","ANTI-OTHER ETHNICITY"
"285",2021,7,"NEW YORK","FELONY","Sexual Orientation","ANTI-MALE HOMOSEXUAL (GAY)"
"286",2021,7,"NEW YORK","FELONY","Sexual Orientation","ANTI-MALE HOMOSEXUAL (GAY)"
"287",2021,7,"NEW YORK","FELONY","Sexual Orientation","ANTI-MALE HOMOSEXUAL (GAY)"
"288",2021,7,"NEW YORK","FELONY","Sexual Orientation","ANTI-MALE HOMOSEXUAL (GAY)"
"289",2021,5,"NEW YORK","MISDEMEANOR","Race/Color","ANTI-ASIAN"
"290",2021,5,"NEW YORK","MISDEMEANOR","Race/Color","ANTI-BLACK"
"291",2021,7,"NEW YORK","FELONY","Race/Color","ANTI-ASIAN"
"292",2021,7,"NEW YORK","MISDEMEANOR","Race/Color","ANTI-ASIAN"
"293",2021,8,"NEW YORK","MISDEMEANOR","Sexual Orientation","ANTI-MALE HOMOSEXUAL (GAY)"
"294",2021,6,"NEW YORK","MISDEMEANOR","Sexual Orientation","ANTI-MALE HOMOSEXUAL (GAY)"
"295",2021,8,"NEW YORK","MISDEMEANOR","Race/Color","ANTI-ASIAN"
"296",2021,8,"NEW YORK","FELONY","Race/Color","ANTI-ASIAN"
"297",2021,8,"NEW YORK","MISDEMEANOR","Sexual Orientation","ANTI-MALE HOMOSEXUAL (GAY)"
"298",2021,7,"NEW YORK","VIOLATION","Race/Color","ANTI-ASIAN"
"299",2021,9,"NEW YORK","MISDEMEANOR","Sexual Orientation","ANTI-MALE HOMOSEXUAL (GAY)"
"300",2021,9,"NEW YORK","FELONY","Sexual Orientation","ANTI-MALE HOMOSEXUAL (GAY)"
"301",2021,9,"KINGS","FELONY","Sexual Orientation","ANTI-MALE HOMOSEXUAL (GAY)"
"302",2021,6,"NEW YORK","FELONY","Race/Color","ANTI-WHITE"
"303",2021,9,"NEW YORK","MISDEMEANOR","Race/Color","ANTI-ASIAN"
"304",2021,9,"NEW YORK","MISDEMEANOR","Race/Color","ANTI-ASIAN"
"305",2021,9,"NEW YORK","MISDEMEANOR","Race/Color","ANTI-WHITE"
"306",2019,2,"QUEENS","FELONY","Religion/Religious Practice","ANTI-JEWISH"
"307",2019,2,"QUEENS","MISDEMEANOR","Religion/Religious Practice","ANTI-JEWISH"
"308",2019,2,"QUEENS","MISDEMEANOR","Religion/Religious Practice","ANTI-JEWISH"
"309",2019,2,"QUEENS","MISDEMEANOR","Religion/Religious Practice","ANTI-JEWISH"
"310",2019,4,"QUEENS","MISDEMEANOR","Sexual Orientation","ANTI-MALE HOMOSEXUAL (GAY)"
"311",2019,4,"QUEENS","MISDEMEANOR","Sexual Orientation","ANTI-MALE HOMOSEXUAL (GAY)"
"312",2019,4,"QUEENS","MISDEMEANOR","Gender","ANTI-TRANSGENDER"
"313",2019,4,"QUEENS","MISDEMEANOR","Race/Color","ANTI-BLACK"
"314",2019,4,"QUEENS","FELONY","Religion/Religious Practice","ANTI-MUSLIM"
"315",2019,5,"QUEENS","MISDEMEANOR","Religion/Religious Practice","ANTI-MUSLIM"
"316",2019,2,"QUEENS","MISDEMEANOR","Religion/Religious Practice","ANTI-JEWISH"
"317",2019,6,"QUEENS","MISDEMEANOR","Gender","ANTI-TRANSGENDER"
"318",2019,6,"QUEENS","MISDEMEANOR","Gender","ANTI-TRANSGENDER"
"319",2019,6,"QUEENS","MISDEMEANOR","Gender","ANTI-TRANSGENDER"
"320",2019,2,"QUEENS","MISDEMEANOR","Religion/Religious Practice","ANTI-JEWISH"
"321",2019,10,"QUEENS","FELONY","Gender","ANTI-TRANSGENDER"
"322",2019,9,"QUEENS","FELONY","Sexual Orientation","ANTI-MALE HOMOSEXUAL (GAY)"
"323",2019,9,"QUEENS","MISDEMEANOR","Sexual Orientation","ANTI-MALE HOMOSEXUAL (GAY)"
"324",2019,9,"QUEENS","FELONY","Sexual Orientation","ANTI-MALE HOMOSEXUAL (GAY)"
"325",2019,9,"QUEENS","FELONY","Sexual Orientation","ANTI-MALE HOMOSEXUAL (GAY)"
"326",2019,9,"QUEENS","MISDEMEANOR","Sexual Orientation","ANTI-MALE HOMOSEXUAL (GAY)"
"327",2019,9,"QUEENS","MISDEMEANOR","Sexual Orientation","ANTI-MALE HOMOSEXUAL (GAY)"
"328",2020,2,"QUEENS","MISDEMEANOR","Gender","ANTI-TRANSGENDER"
"329",2020,3,"QUEENS","FELONY","Race/Color","ANTI-ASIAN"
"330",2020,5,"QUEENS","MISDEMEANOR","Sexual Orientation","ANTI-MALE HOMOSEXUAL (GAY)"
"331",2020,5,"QUEENS","FELONY","Age","60 YRS AND OLDER"
"332",2020,6,"QUEENS","FELONY","Race/Color","ANTI-BLACK"
"333",2020,6,"QUEENS","MISDEMEANOR","Religion/Religious Practice","ANTI-HINDU"
"334",2020,4,"QUEENS","FELONY","Race/Color","ANTI-ASIAN"
"335",2020,9,"QUEENS","FELONY","Sexual Orientation","ANTI-MALE HOMOSEXUAL (GAY)"
"336",2020,8,"QUEENS","FELONY","Race/Color","ANTI-BLACK"
"337",2020,9,"QUEENS","MISDEMEANOR","Race/Color","ANTI-BLACK"
"338",2020,10,"QUEENS","FELONY","Religion/Religious Practice","ANTI-MUSLIM"
"339",2020,10,"QUEENS","MISDEMEANOR","Sexual Orientation","ANTI-MALE HOMOSEXUAL (GAY)"
"340",2020,7,"QUEENS","VIOLATION","Sexual Orientation","ANTI-MALE HOMOSEXUAL (GAY)"
"341",2020,8,"QUEENS","VIOLATION","Sexual Orientation","ANTI-MALE HOMOSEXUAL (GAY)"
"342",2020,8,"QUEENS","MISDEMEANOR","Sexual Orientation","ANTI-MALE HOMOSEXUAL (GAY)"
"343",2020,11,"QUEENS","FELONY","Religion/Religious Practice","ANTI-MUSLIM"
"344",2021,3,"QUEENS","FELONY","Race/Color","ANTI-ASIAN"
"345",2021,3,"QUEENS","MISDEMEANOR","Race/Color","ANTI-ASIAN"
"346",2021,3,"QUEENS","MISDEMEANOR","Race/Color","ANTI-ASIAN"
"347",2021,3,"QUEENS","FELONY","Race/Color","ANTI-ASIAN"
"348",2021,3,"QUEENS","FELONY","Religion/Religious Practice","ANTI-JEWISH"
"349",2021,4,"QUEENS","FELONY","Sexual Orientation","ANTI-MALE HOMOSEXUAL (GAY)"
"350",2021,2,"QUEENS","FELONY","Religion/Religious Practice","ANTI-JEWISH"
"351",2021,4,"QUEENS","MISDEMEANOR","Race/Color","ANTI-ASIAN"
"352",2021,4,"QUEENS","MISDEMEANOR","Gender","ANTI-TRANSGENDER"
"353",2021,4,"QUEENS","MISDEMEANOR","Gender","ANTI-TRANSGENDER"
"354",2021,1,"QUEENS","VIOLATION","Religion/Religious Practice","ANTI-MUSLIM"
"355",2021,5,"QUEENS","MISDEMEANOR","Ethnicity/National Origin/Ancestry","ANTI-OTHER ETHNICITY"
"356",2021,9,"QUEENS","MISDEMEANOR","Race/Color","ANTI-WHITE"
"357",2021,5,"QUEENS","FELONY","Religion/Religious Practice","ANTI-JEWISH"
"358",2021,5,"QUEENS","FELONY","Religion/Religious Practice","ANTI-JEWISH"
"359",2021,5,"QUEENS","FELONY","Religion/Religious Practice","ANTI-JEWISH"
"360",2021,6,"QUEENS","MISDEMEANOR","Race/Color","ANTI-BLACK"
"361",2021,6,"QUEENS","MISDEMEANOR","Race/Color","ANTI-BLACK"
"362",2021,6,"QUEENS","MISDEMEANOR","Gender","ANTI-TRANSGENDER"
"363",2021,6,"QUEENS","MISDEMEANOR","Gender","ANTI-TRANSGENDER"
"364",2021,5,"QUEENS","FELONY","Race/Color","ANTI-WHITE"
"365",2021,7,"QUEENS","FELONY","Gender","ANTI-GENDER NON-CONFORMING"
"366",2021,5,"QUEENS","FELONY","Race/Color","ANTI-ASIAN"
"367",2021,7,"QUEENS","FELONY","Race/Color","ANTI-ASIAN"
"368",2021,6,"QUEENS","MISDEMEANOR","Race/Color","ANTI-ASIAN"
"369",2021,7,"QUEENS","MISDEMEANOR","Race/Color","ANTI-ASIAN"
"370",2021,7,"QUEENS","MISDEMEANOR","Race/Color","ANTI-ASIAN"
"371",2021,6,"QUEENS","MISDEMEANOR","Religion/Religious Practice","ANTI-MUSLIM"
"372",2021,6,"QUEENS","MISDEMEANOR","Religion/Religious Practice","ANTI-MUSLIM"
"373",2021,6,"QUEENS","MISDEMEANOR","Religion/Religious Practice","ANTI-MUSLIM"
"374",2021,7,"QUEENS","MISDEMEANOR","Religion/Religious Practice","ANTI-MUSLIM"
"375",2021,8,"QUEENS","MISDEMEANOR","Race/Color","ANTI-WHITE"
"376",2021,7,"QUEENS","MISDEMEANOR","Sexual Orientation","ANTI-MALE HOMOSEXUAL (GAY)"
"377",2021,7,"QUEENS","MISDEMEANOR","Sexual Orientation","ANTI-MALE HOMOSEXUAL (GAY)"
"378",2021,7,"QUEENS","MISDEMEANOR","Gender","ANTI-TRANSGENDER"
"379",2021,7,"QUEENS","FELONY","Religion/Religious Practice","ANTI-CATHOLIC"
"380",2021,2,"QUEENS","MISDEMEANOR","Sexual Orientation","ANTI-MALE HOMOSEXUAL (GAY)"
"381",2020,7,"RICHMOND","MISDEMEANOR","Race/Color","ANTI-BLACK"
"382",2020,7,"RICHMOND","MISDEMEANOR","Race/Color","ANTI-WHITE"
"383",2020,7,"RICHMOND","MISDEMEANOR","Race/Color","ANTI-WHITE"
"384",2020,7,"RICHMOND","MISDEMEANOR","Race/Color","ANTI-ASIAN"
"385",2020,8,"RICHMOND","MISDEMEANOR","Sexual Orientation","ANTI-MALE HOMOSEXUAL (GAY)"
"386",2021,3,"RICHMOND","MISDEMEANOR","Race/Color","ANTI-BLACK"
"387",2021,3,"RICHMOND","MISDEMEANOR","Race/Color","ANTI-BLACK"
"388",2021,2,"RICHMOND","FELONY","Race/Color","ANTI-BLACK"
"389",2020,3,"RICHMOND","FELONY","Unclassified","ANTI-BLACK"
"390",2020,8,"RICHMOND","MISDEMEANOR","Race/Color","ANTI-BLACK"
"391",2020,9,"RICHMOND","MISDEMEANOR","Race/Color","ANTI-BLACK"
"392",2020,9,"RICHMOND","MISDEMEANOR","Race/Color","ANTI-BLACK"
"393",2021,6,"RICHMOND","MISDEMEANOR","Race/Color","ANTI-ASIAN"
"394",2021,6,"RICHMOND","FELONY","Race/Color","ANTI-BLACK"
"395",2021,6,"RICHMOND","FELONY","Race/Color","ANTI-BLACK"
"396",2021,6,"RICHMOND","FELONY","Race/Color","ANTI-BLACK"
"397",2021,4,"RICHMOND","FELONY","Religion/Religious Practice","ANTI-CATHOLIC"
"398",2019,1,"NEW YORK","MISDEMEANOR","Religion/Religious Practice","ANTI-JEWISH"
"399",2019,1,"NEW YORK","MISDEMEANOR","Religion/Religious Practice","ANTI-JEWISH"
"400",2019,2,"NEW YORK","FELONY","Religion/Religious Practice","ANTI-JEWISH"
"401",2019,2,"NEW YORK","FELONY","Religion/Religious Practice","ANTI-JEWISH"
"402",2019,3,"NEW YORK","FELONY","Religion/Religious Practice","ANTI-JEWISH"
"403",2019,3,"NEW YORK","MISDEMEANOR","Ethnicity/National Origin/Ancestry","ANTI-OTHER ETHNICITY"
"404",2019,5,"NEW YORK","MISDEMEANOR","Race/Color","ANTI-BLACK"
"405",2019,6,"NEW YORK","MISDEMEANOR","Sexual Orientation","ANTI-FEMALE HOMOSEXUAL (LESBIAN)"
"406",2019,8,"NEW YORK","FELONY","Race/Color","ANTI-WHITE"
"407",2019,11,"NEW YORK","FELONY","Religion/Religious Practice","ANTI-JEWISH"
"408",2019,12,"NEW YORK","MISDEMEANOR","Religion/Religious Practice","ANTI-JEWISH"
"409",2019,1,"NEW YORK","MISDEMEANOR","Sexual Orientation","ANTI-MALE HOMOSEXUAL (GAY)"
"410",2019,4,"NEW YORK","FELONY","Religion/Religious Practice","ANTI-JEWISH"
"411",2019,7,"NEW YORK","FELONY","Gender","ANTI-TRANSGENDER"
"412",2019,3,"NEW YORK","MISDEMEANOR","Religion/Religious Practice","ANTI-JEWISH"
"413",2019,6,"NEW YORK","FELONY","Sexual Orientation","ANTI-MALE HOMOSEXUAL (GAY)"
"414",2019,8,"NEW YORK","FELONY","Race/Color","ANTI-WHITE"
"415",2019,2,"NEW YORK","FELONY","Religion/Religious Practice","ANTI-JEWISH"
"416",2019,3,"NEW YORK","FELONY","Religion/Religious Practice","ANTI-JEWISH"
"417",2019,5,"NEW YORK","FELONY","Religion/Religious Practice","ANTI-BUDDHIST"
"418",2019,8,"NEW YORK","MISDEMEANOR","Religion/Religious Practice","ANTI-JEHOVAHS WITNESS"
"419",2019,8,"NEW YORK","MISDEMEANOR","Religion/Religious Practice","ANTI-JEWISH"
"420",2019,10,"NEW YORK","MISDEMEANOR","Religion/Religious Practice","ANTI-JEWISH"
"421",2019,12,"NEW YORK","MISDEMEANOR","Religion/Religious Practice","ANTI-JEWISH"
"422",2019,3,"NEW YORK","MISDEMEANOR","Sexual Orientation","ANTI-MALE HOMOSEXUAL (GAY)"
"423",2019,9,"NEW YORK","MISDEMEANOR","Religion/Religious Practice","ANTI-JEWISH"
"424",2019,8,"NEW YORK","MISDEMEANOR","Unclassified","ANTI-MALE HOMOSEXUAL (GAY)"
"425",2019,1,"NEW YORK","MISDEMEANOR","Religion/Religious Practice","ANTI-JEWISH"
"426",2019,2,"NEW YORK","FELONY","Religion/Religious Practice","ANTI-JEWISH"
"427",2019,10,"NEW YORK","FELONY","Religion/Religious Practice","ANTI-JEWISH"
"428",2019,12,"NEW YORK","MISDEMEANOR","Race/Color","ANTI-BLACK"
"429",2019,12,"NEW YORK","MISDEMEANOR","Religion/Religious Practice","ANTI-JEWISH"
"430",2019,1,"NEW YORK","MISDEMEANOR","Sexual Orientation","ANTI-MALE HOMOSEXUAL (GAY)"
"431",2019,2,"NEW YORK","FELONY","Religion/Religious Practice","ANTI-JEWISH"
"432",2019,3,"NEW YORK","MISDEMEANOR","Religion/Religious Practice","ANTI-JEWISH"
"433",2019,6,"NEW YORK","MISDEMEANOR","Sexual Orientation","ANTI-MALE HOMOSEXUAL (GAY)"
"434",2019,7,"NEW YORK","MISDEMEANOR","Sexual Orientation","ANTI-MALE HOMOSEXUAL (GAY)"
"435",2019,9,"NEW YORK","FELONY","Religion/Religious Practice","ANTI-JEWISH"
"436",2019,10,"NEW YORK","MISDEMEANOR","Sexual Orientation","ANTI-MALE HOMOSEXUAL (GAY)"
"437",2019,11,"NEW YORK","FELONY","Sexual Orientation","ANTI-MALE HOMOSEXUAL (GAY)"
"438",2019,12,"NEW YORK","MISDEMEANOR","Religion/Religious Practice","ANTI-JEWISH"
"439",2019,12,"NEW YORK","FELONY","Ethnicity/National Origin/Ancestry","ANTI-ARAB"
"440",2019,1,"NEW YORK","MISDEMEANOR","Religion/Religious Practice","ANTI-JEWISH"
"441",2019,5,"NEW YORK","MISDEMEANOR","Sexual Orientation","ANTI-LGBT (MIXED GROUP)"
"442",2019,5,"NEW YORK","MISDEMEANOR","Religion/Religious Practice","ANTI-JEWISH"
"443",2019,7,"NEW YORK","MISDEMEANOR","Sexual Orientation","ANTI-LGBT (MIXED GROUP)"
"444",2019,7,"NEW YORK","MISDEMEANOR","Sexual Orientation","ANTI-LGBT (MIXED GROUP)"
"445",2019,8,"NEW YORK","MISDEMEANOR","Race/Color","ANTI-WHITE"
"446",2019,8,"NEW YORK","MISDEMEANOR","Race/Color","ANTI-WHITE"
"447",2019,10,"NEW YORK","FELONY","Religion/Religious Practice","ANTI-JEWISH"
"448",2019,11,"NEW YORK","MISDEMEANOR","Sexual Orientation","ANTI-MALE HOMOSEXUAL (GAY)"
"449",2019,1,"NEW YORK","MISDEMEANOR","Unclassified","ANTI-BLACK"
"450",2019,3,"NEW YORK","MISDEMEANOR","Religion/Religious Practice","ANTI-JEWISH"
"451",2019,3,"NEW YORK","MISDEMEANOR","Race/Color","ANTI-BLACK"
"452",2019,4,"NEW YORK","FELONY","Sexual Orientation","ANTI-MALE HOMOSEXUAL (GAY)"
"453",2019,8,"NEW YORK","MISDEMEANOR","Ethnicity/National Origin/Ancestry","ANTI-OTHER ETHNICITY"
"454",2019,8,"NEW YORK","VIOLATION","Race/Color","ANTI-WHITE"
"455",2019,9,"NEW YORK","MISDEMEANOR","Religion/Religious Practice","ANTI-JEWISH"
"456",2019,3,"NEW YORK","MISDEMEANOR","Religion/Religious Practice","ANTI-JEWISH"
"457",2019,3,"NEW YORK","FELONY","Religion/Religious Practice","ANTI-JEWISH"
"458",2019,3,"NEW YORK","FELONY","Religion/Religious Practice","ANTI-JEWISH"
"459",2019,3,"NEW YORK","FELONY","Religion/Religious Practice","ANTI-JEWISH"
"460",2019,3,"NEW YORK","FELONY","Religion/Religious Practice","ANTI-JEWISH"
"461",2019,3,"NEW YORK","FELONY","Race/Color","ANTI-BLACK"
"462",2019,3,"NEW YORK","FELONY","Race/Color","ANTI-BLACK"
"463",2019,4,"NEW YORK","MISDEMEANOR","Race/Color","ANTI-BLACK"
"464",2019,4,"NEW YORK","FELONY","Race/Color","ANTI-BLACK"
"465",2019,4,"NEW YORK","MISDEMEANOR","Religion/Religious Practice","ANTI-JEWISH"
"466",2019,5,"NEW YORK","FELONY","Religion/Religious Practice","ANTI-JEWISH"
"467",2019,7,"NEW YORK","FELONY","Disability","ANTI-PHYSICAL DISABILITY"
"468",2019,10,"NEW YORK","MISDEMEANOR","Religion/Religious Practice","ANTI-JEWISH"
"469",2019,10,"NEW YORK","FELONY","Race/Color","ANTI-BLACK"
"470",2019,1,"NEW YORK","MISDEMEANOR","Religion/Religious Practice","ANTI-JEWISH"
"471",2019,1,"NEW YORK","MISDEMEANOR","Religion/Religious Practice","ANTI-JEWISH"
"472",2019,3,"NEW YORK","FELONY","Religion/Religious Practice","ANTI-JEWISH"
"473",2019,4,"NEW YORK","MISDEMEANOR","Religion/Religious Practice","ANTI-JEWISH"
"474",2019,12,"NEW YORK","FELONY","Religion/Religious Practice","ANTI-JEWISH"
"475",2019,10,"NEW YORK","MISDEMEANOR","Religion/Religious Practice","ANTI-JEWISH"
"476",2019,3,"NEW YORK","MISDEMEANOR","Ethnicity/National Origin/Ancestry","ANTI-OTHER ETHNICITY"
"477",2019,11,"NEW YORK","MISDEMEANOR","Sexual Orientation","ANTI-MALE HOMOSEXUAL (GAY)"
"478",2019,3,"NEW YORK","MISDEMEANOR","Race/Color","ANTI-WHITE"
"479",2019,5,"NEW YORK","MISDEMEANOR","Religion/Religious Practice","ANTI-JEWISH"
"480",2019,11,"NEW YORK","FELONY","Religion/Religious Practice","ANTI-JEWISH"
"481",2019,12,"NEW YORK","FELONY","Unclassified","ANTI-JEWISH"
"482",2019,12,"NEW YORK","FELONY","Religion/Religious Practice","ANTI-JEWISH"
"483",2019,9,"NEW YORK","MISDEMEANOR","Race/Color","ANTI-WHITE"
"484",2019,10,"NEW YORK","MISDEMEANOR","Religion/Religious Practice","ANTI-JEWISH"
"485",2019,2,"NEW YORK","FELONY","Ethnicity/National Origin/Ancestry","ANTI-OTHER ETHNICITY"
"486",2019,2,"NEW YORK","MISDEMEANOR","Sexual Orientation","ANTI-MALE HOMOSEXUAL (GAY)"
"487",2019,3,"NEW YORK","FELONY","Religion/Religious Practice","ANTI-JEWISH"
"488",2019,3,"NEW YORK","MISDEMEANOR","Race/Color","ANTI-WHITE"
"489",2019,7,"NEW YORK","MISDEMEANOR","Race/Color","ANTI-BLACK"
"490",2019,2,"NEW YORK","MISDEMEANOR","Sexual Orientation","ANTI-MALE HOMOSEXUAL (GAY)"
"491",2019,11,"NEW YORK","MISDEMEANOR","Race/Color","ANTI-WHITE"
"492",2019,1,"NEW YORK","FELONY","Religion/Religious Practice","ANTI-JEWISH"
"493",2019,1,"NEW YORK","MISDEMEANOR","Religion/Religious Practice","ANTI-JEWISH"
"494",2019,4,"NEW YORK","MISDEMEANOR","Religion/Religious Practice","ANTI-JEWISH"
"495",2019,7,"NEW YORK","FELONY","Religion/Religious Practice","ANTI-JEWISH"
"496",2019,4,"NEW YORK","MISDEMEANOR","Sexual Orientation","ANTI-MALE HOMOSEXUAL (GAY)"
"497",2019,10,"NEW YORK","FELONY","Religion/Religious Practice","ANTI-JEWISH"
"498",2019,10,"NEW YORK","FELONY","Religion/Religious Practice","ANTI-JEWISH"
"499",2019,10,"NEW YORK","FELONY","Race/Color","ANTI-WHITE"
"500",2019,9,"BRONX","MISDEMEANOR","Race/Color","ANTI-BLACK"
"501",2019,10,"BRONX","FELONY","Religion/Religious Practice","ANTI-JEWISH"
"502",2019,10,"BRONX","MISDEMEANOR","Religion/Religious Practice","ANTI-JEWISH"
"503",2019,10,"BRONX","MISDEMEANOR","Religion/Religious Practice","ANTI-JEWISH"
"504",2019,6,"BRONX","MISDEMEANOR","Religion/Religious Practice","ANTI-JEWISH"
"505",2019,11,"BRONX","MISDEMEANOR","Gender","ANTI-TRANSGENDER"
"506",2019,1,"BRONX","MISDEMEANOR","Religion/Religious Practice","ANTI-JEWISH"
"507",2019,11,"BRONX","MISDEMEANOR","Ethnicity/National Origin/Ancestry","ANTI-HISPANIC"
"508",2019,11,"BRONX","MISDEMEANOR","Race/Color","ANTI-BLACK"
"509",2019,6,"BRONX","FELONY","Religion/Religious Practice","ANTI-JEWISH"
"510",2019,10,"BRONX","FELONY","Race/Color","ANTI-BLACK"
"511",2019,11,"BRONX","FELONY","Sexual Orientation","ANTI-MALE HOMOSEXUAL (GAY)"
"512",2019,3,"BRONX","MISDEMEANOR","Race/Color","ANTI-WHITE"
"513",2019,9,"BRONX","FELONY","Religion/Religious Practice","ANTI-JEWISH"
"514",2019,10,"BRONX","MISDEMEANOR","Religion/Religious Practice","ANTI-JEWISH"
"515",2019,10,"BRONX","MISDEMEANOR","Religion/Religious Practice","ANTI-JEWISH"
"516",2019,10,"BRONX","MISDEMEANOR","Religion/Religious Practice","ANTI-JEWISH"
"517",2019,10,"BRONX","FELONY","Religion/Religious Practice","ANTI-JEWISH"
"518",2019,10,"BRONX","INVESTIGATION","Religion/Religious Practice","ANTI-JEWISH"
"519",2019,7,"BRONX","FELONY","Religion/Religious Practice","ANTI-CATHOLIC"
"520",2019,5,"BRONX","FELONY","Religion/Religious Practice","ANTI-JEWISH"
"521",2019,1,"KINGS","FELONY","Religion/Religious Practice","ANTI-JEWISH"
"522",2019,2,"KINGS","FELONY","Religion/Religious Practice","ANTI-JEWISH"
"523",2019,2,"KINGS","FELONY","Religion/Religious Practice","ANTI-JEWISH"
"524",2019,4,"KINGS","FELONY","Religion/Religious Practice","ANTI-JEWISH"
"525",2019,6,"KINGS","FELONY","Religion/Religious Practice","ANTI-JEWISH"
"526",2019,7,"KINGS","FELONY","Religion/Religious Practice","ANTI-JEWISH"
"527",2019,9,"KINGS","FELONY","Religion/Religious Practice","ANTI-JEWISH"
"528",2019,11,"KINGS","FELONY","Religion/Religious Practice","ANTI-JEWISH"
"529",2019,1,"KINGS","VIOLATION","Religion/Religious Practice","ANTI-JEWISH"
"530",2019,3,"KINGS","MISDEMEANOR","Religion/Religious Practice","ANTI-JEWISH"
"531",2019,5,"KINGS","FELONY","Religion/Religious Practice","ANTI-JEWISH"
"532",2019,6,"KINGS","FELONY","Religion/Religious Practice","ANTI-JEWISH"
"533",2019,6,"KINGS","FELONY","Religion/Religious Practice","ANTI-JEWISH"
"534",2019,6,"KINGS","MISDEMEANOR","Ethnicity/National Origin/Ancestry","ANTI-ARAB"
"535",2019,8,"KINGS","FELONY","Religion/Religious Practice","ANTI-JEWISH"
"536",2019,8,"KINGS","MISDEMEANOR","Race/Color","ANTI-BLACK"
"537",2019,9,"KINGS","MISDEMEANOR","Religion/Religious Practice","ANTI-JEWISH"
"538",2019,9,"KINGS","MISDEMEANOR","Religion/Religious Practice","ANTI-JEWISH"
"539",2019,10,"KINGS","MISDEMEANOR","Sexual Orientation","ANTI-MALE HOMOSEXUAL (GAY)"
"540",2019,12,"KINGS","FELONY","Religion/Religious Practice","ANTI-JEWISH"
"541",2019,12,"KINGS","FELONY","Religion/Religious Practice","ANTI-JEWISH"
"542",2019,5,"KINGS","FELONY","Religion/Religious Practice","ANTI-JEWISH"
"543",2019,2,"KINGS","MISDEMEANOR","Unclassified","ANTI-BLACK"
"544",2019,4,"KINGS","FELONY","Religion/Religious Practice","ANTI-JEWISH"
"545",2019,12,"KINGS","FELONY","Religion/Religious Practice","ANTI-JEWISH"
"546",2019,4,"KINGS","MISDEMEANOR","Religion/Religious Practice","ANTI-JEWISH"
"547",2019,6,"KINGS","FELONY","Religion/Religious Practice","ANTI-JEWISH"
"548",2019,6,"KINGS","FELONY","Religion/Religious Practice","ANTI-JEWISH"
"549",2019,9,"KINGS","FELONY","Religion/Religious Practice","ANTI-JEWISH"
"550",2019,9,"KINGS","FELONY","Religion/Religious Practice","ANTI-JEWISH"
"551",2019,9,"KINGS","MISDEMEANOR","Religion/Religious Practice","ANTI-JEWISH"
"552",2019,10,"KINGS","VIOLATION","Religion/Religious Practice","ANTI-JEWISH"
"553",2019,10,"KINGS","MISDEMEANOR","Religion/Religious Practice","ANTI-JEWISH"
"554",2019,11,"KINGS","MISDEMEANOR","Religion/Religious Practice","ANTI-JEWISH"
"555",2019,11,"KINGS","MISDEMEANOR","Religion/Religious Practice","ANTI-JEWISH"
"556",2019,11,"KINGS","FELONY","Religion/Religious Practice","ANTI-JEWISH"
"557",2019,11,"KINGS","FELONY","Religion/Religious Practice","ANTI-JEWISH"
"558",2019,12,"KINGS","MISDEMEANOR","Religion/Religious Practice","ANTI-JEWISH"
"559",2019,12,"KINGS","MISDEMEANOR","Religion/Religious Practice","ANTI-JEWISH"
"560",2019,8,"KINGS","FELONY","Religion/Religious Practice","ANTI-JEWISH"
"561",2019,2,"KINGS","MISDEMEANOR","Race/Color","ANTI-WHITE"
"562",2019,6,"KINGS","MISDEMEANOR","Religion/Religious Practice","ANTI-JEWISH"
"563",2019,11,"KINGS","MISDEMEANOR","Religion/Religious Practice","ANTI-JEWISH"
"564",2019,2,"KINGS","MISDEMEANOR","Religion/Religious Practice","ANTI-JEWISH"
"565",2019,5,"KINGS","FELONY","Religion/Religious Practice","ANTI-JEWISH"
"566",2019,5,"KINGS","MISDEMEANOR","Religion/Religious Practice","ANTI-JEWISH"
"567",2019,1,"KINGS","MISDEMEANOR","Religion/Religious Practice","ANTI-JEWISH"
"568",2019,1,"KINGS","FELONY","Religion/Religious Practice","ANTI-CATHOLIC"
"569",2019,3,"KINGS","MISDEMEANOR","Religion/Religious Practice","ANTI-JEWISH"
"570",2019,4,"KINGS","MISDEMEANOR","Sexual Orientation","ANTI-MALE HOMOSEXUAL (GAY)"
"571",2019,1,"KINGS","FELONY","Religion/Religious Practice","ANTI-JEWISH"
"572",2019,7,"KINGS","FELONY","Religion/Religious Practice","ANTI-CATHOLIC"
"573",2019,11,"KINGS","MISDEMEANOR","Race/Color","ANTI-WHITE"
"574",2019,11,"KINGS","MISDEMEANOR","Religion/Religious Practice","ANTI-JEWISH"
"575",2019,11,"KINGS","FELONY","Religion/Religious Practice","ANTI-OTHER RELIGION"
"576",2019,12,"KINGS","MISDEMEANOR","Religion/Religious Practice","ANTI-JEWISH"
"577",2019,12,"KINGS","MISDEMEANOR","Religion/Religious Practice","ANTI-JEWISH"
"578",2019,12,"KINGS","FELONY","Religion/Religious Practice","ANTI-JEWISH"
"579",2019,2,"KINGS","FELONY","Religion/Religious Practice","ANTI-JEWISH"
"580",2019,3,"KINGS","MISDEMEANOR","Race/Color","ANTI-BLACK"
"581",2019,6,"KINGS","MISDEMEANOR","Race/Color","ANTI-BLACK"
"582",2019,7,"KINGS","MISDEMEANOR","Sexual Orientation","ANTI-MALE HOMOSEXUAL (GAY)"
"583",2019,8,"KINGS","FELONY","Religion/Religious Practice","ANTI-JEWISH"
"584",2019,2,"KINGS","FELONY","Race/Color","ANTI-WHITE"
"585",2019,5,"KINGS","FELONY","Religion/Religious Practice","ANTI-JEWISH"
"586",2019,8,"KINGS","FELONY","Religion/Religious Practice","ANTI-JEWISH"
"587",2019,8,"KINGS","MISDEMEANOR","Religion/Religious Practice","ANTI-JEWISH"
"588",2019,8,"KINGS","FELONY","Ethnicity/National Origin/Ancestry","ANTI-OTHER ETHNICITY"
"589",2019,11,"KINGS","FELONY","Religion/Religious Practice","ANTI-JEWISH"
"590",2019,5,"KINGS","FELONY","Religion/Religious Practice","ANTI-JEWISH"
"591",2019,7,"KINGS","MISDEMEANOR","Race/Color","ANTI-BLACK"
"592",2019,8,"KINGS","FELONY","Religion/Religious Practice","ANTI-JEWISH"
"593",2019,10,"KINGS","FELONY","Religion/Religious Practice","ANTI-JEWISH"
"594",2019,6,"KINGS","FELONY","Sexual Orientation","ANTI-MALE HOMOSEXUAL (GAY)"
"595",2019,7,"KINGS","FELONY","Sexual Orientation","ANTI-MALE HOMOSEXUAL (GAY)"
"596",2019,9,"KINGS","MISDEMEANOR","Religion/Religious Practice","ANTI-MUSLIM"
"597",2019,1,"KINGS","MISDEMEANOR","Religion/Religious Practice","ANTI-JEWISH"
"598",2019,6,"KINGS","FELONY","Race/Color","ANTI-BLACK"
"599",2019,8,"KINGS","FELONY","Religion/Religious Practice","ANTI-JEWISH"
"600",2019,8,"KINGS","FELONY","Religion/Religious Practice","ANTI-JEWISH"
"601",2019,11,"KINGS","FELONY","Religion/Religious Practice","ANTI-JEWISH"
"602",2019,12,"KINGS","VIOLATION","Religion/Religious Practice","ANTI-JEWISH"
"603",2019,12,"KINGS","FELONY","Religion/Religious Practice","ANTI-JEWISH"
"604",2019,1,"KINGS","FELONY","Religion/Religious Practice","ANTI-JEWISH"
"605",2019,2,"KINGS","FELONY","Religion/Religious Practice","ANTI-CATHOLIC"
"606",2019,2,"KINGS","MISDEMEANOR","Religion/Religious Practice","ANTI-JEWISH"
"607",2019,5,"KINGS","MISDEMEANOR","Religion/Religious Practice","ANTI-JEWISH"
"608",2019,8,"KINGS","MISDEMEANOR","Religion/Religious Practice","ANTI-JEWISH"
"609",2019,11,"KINGS","MISDEMEANOR","Sexual Orientation","ANTI-LGBT (MIXED GROUP)"
"610",2019,12,"KINGS","FELONY","Religion/Religious Practice","ANTI-JEWISH"
"611",2019,1,"KINGS","FELONY","Religion/Religious Practice","ANTI-JEWISH"
"612",2019,2,"KINGS","FELONY","Religion/Religious Practice","ANTI-JEWISH"
"613",2019,5,"KINGS","FELONY","Religion/Religious Practice","ANTI-JEWISH"
"614",2019,8,"KINGS","MISDEMEANOR","Gender","ANTI-TRANSGENDER"
"615",2019,9,"KINGS","VIOLATION","Religion/Religious Practice","ANTI-JEWISH"
"616",2019,9,"KINGS","MISDEMEANOR","Religion/Religious Practice","ANTI-JEWISH"
"617",2019,10,"KINGS","VIOLATION","Religion/Religious Practice","ANTI-JEWISH"
"618",2019,10,"KINGS","VIOLATION","Religion/Religious Practice","ANTI-JEWISH"
"619",2019,10,"KINGS","MISDEMEANOR","Ethnicity/National Origin/Ancestry","ANTI-HISPANIC"
"620",2019,6,"KINGS","FELONY","Religion/Religious Practice","ANTI-JEWISH"
"621",2019,3,"KINGS","FELONY","Religion/Religious Practice","ANTI-JEWISH"
"622",2019,1,"KINGS","MISDEMEANOR","Religion/Religious Practice","ANTI-JEWISH"
"623",2019,2,"KINGS","MISDEMEANOR","Sexual Orientation","ANTI-LGBT (MIXED GROUP)"
"624",2019,4,"KINGS","FELONY","Religion/Religious Practice","ANTI-JEWISH"
"625",2019,4,"KINGS","MISDEMEANOR","Religion/Religious Practice","ANTI-JEWISH"
"626",2019,5,"KINGS","FELONY","Religion/Religious Practice","ANTI-JEWISH"
"627",2019,7,"KINGS","MISDEMEANOR","Race/Color","ANTI-BLACK"
"628",2019,9,"KINGS","MISDEMEANOR","Sexual Orientation","ANTI-MALE HOMOSEXUAL (GAY)"
"629",2019,12,"KINGS","FELONY","Race/Color","ANTI-BLACK"
"630",2019,1,"KINGS","MISDEMEANOR","Religion/Religious Practice","ANTI-JEWISH"
"631",2019,8,"KINGS","FELONY","Religion/Religious Practice","ANTI-JEWISH"
"632",2019,10,"KINGS","FELONY","Religion/Religious Practice","ANTI-JEWISH"
"633",2019,12,"KINGS","FELONY","Ethnicity/National Origin/Ancestry","ANTI-HISPANIC"
"634",2019,2,"KINGS","FELONY","Religion/Religious Practice","ANTI-JEWISH"
"635",2019,5,"KINGS","MISDEMEANOR","Religion/Religious Practice","ANTI-JEWISH"
"636",2019,5,"KINGS","FELONY","Religion/Religious Practice","ANTI-JEWISH"
"637",2019,5,"KINGS","MISDEMEANOR","Gender","ANTI-TRANSGENDER"
"638",2019,5,"KINGS","FELONY","Religion/Religious Practice","ANTI-JEWISH"
"639",2019,7,"KINGS","FELONY","Religion/Religious Practice","ANTI-JEWISH"
"640",2019,9,"KINGS","FELONY","Religion/Religious Practice","ANTI-JEWISH"
"641",2019,9,"KINGS","MISDEMEANOR","Religion/Religious Practice","ANTI-JEWISH"
"642",2019,10,"KINGS","FELONY","Religion/Religious Practice","ANTI-JEWISH"
"643",2019,11,"KINGS","MISDEMEANOR","Religion/Religious Practice","ANTI-JEWISH"
"644",2019,1,"KINGS","MISDEMEANOR","Religion/Religious Practice","ANTI-JEWISH"
"645",2019,1,"KINGS","MISDEMEANOR","Religion/Religious Practice","ANTI-JEWISH"
"646",2019,1,"KINGS","FELONY","Religion/Religious Practice","ANTI-JEWISH"
"647",2019,1,"KINGS","FELONY","Religion/Religious Practice","ANTI-JEWISH"
"648",2019,3,"KINGS","MISDEMEANOR","Religion/Religious Practice","ANTI-JEWISH"
"649",2019,3,"KINGS","FELONY","Religion/Religious Practice","ANTI-JEWISH"
"650",2019,3,"KINGS","FELONY","Religion/Religious Practice","ANTI-JEWISH"
"651",2019,5,"KINGS","MISDEMEANOR","Religion/Religious Practice","ANTI-JEWISH"
"652",2019,11,"KINGS","MISDEMEANOR","Religion/Religious Practice","ANTI-JEWISH"
"653",2019,12,"KINGS","MISDEMEANOR","Sexual Orientation","ANTI-MALE HOMOSEXUAL (GAY)"
"654",2019,12,"KINGS","FELONY","Religion/Religious Practice","ANTI-JEWISH"
"655",2019,3,"QUEENS","FELONY","Ethnicity/National Origin/Ancestry","ANTI-OTHER ETHNICITY"
"656",2019,9,"QUEENS","FELONY","Religion/Religious Practice","ANTI-JEWISH"
"657",2019,10,"QUEENS","MISDEMEANOR","Religion/Religious Practice","ANTI-CATHOLIC"
"658",2019,12,"QUEENS","FELONY","Religion/Religious Practice","ANTI-JEWISH"
"659",2019,3,"QUEENS","MISDEMEANOR","Religion/Religious Practice","ANTI-JEWISH"
"660",2019,6,"QUEENS","FELONY","Religion/Religious Practice","ANTI-JEWISH"
"661",2019,10,"QUEENS","MISDEMEANOR","Religion/Religious Practice","ANTI-JEWISH"
"662",2019,1,"QUEENS","FELONY","Religion/Religious Practice","ANTI-JEWISH"
"663",2019,3,"QUEENS","FELONY","Religion/Religious Practice","ANTI-JEWISH"
"664",2019,5,"QUEENS","MISDEMEANOR","Sexual Orientation","ANTI-MALE HOMOSEXUAL (GAY)"
"665",2019,7,"QUEENS","FELONY","Religion/Religious Practice","ANTI-JEWISH"
"666",2019,7,"QUEENS","FELONY","Religion/Religious Practice","ANTI-JEWISH"
"667",2019,7,"QUEENS","FELONY","Sexual Orientation","ANTI-LGBT (MIXED GROUP)"
"668",2019,8,"QUEENS","MISDEMEANOR","Race/Color","ANTI-BLACK"
"669",2019,8,"QUEENS","FELONY","Religion/Religious Practice","ANTI-JEWISH"
"670",2019,9,"QUEENS","MISDEMEANOR","Ethnicity/National Origin/Ancestry","ANTI-HISPANIC"
"671",2019,10,"QUEENS","FELONY","Race/Color","ANTI-BLACK"
"672",2019,4,"QUEENS","MISDEMEANOR","Race/Color","ANTI-BLACK"
"673",2019,6,"QUEENS","MISDEMEANOR","Religion/Religious Practice","ANTI-JEWISH"
"674",2019,8,"QUEENS","FELONY","Religion/Religious Practice","ANTI-JEWISH"
"675",2019,11,"QUEENS","FELONY","Race/Color","ANTI-WHITE"
"676",2019,3,"QUEENS","FELONY","Religion/Religious Practice","ANTI-JEWISH"
"677",2019,3,"QUEENS","MISDEMEANOR","Religion/Religious Practice","ANTI-JEWISH"
"678",2019,3,"QUEENS","FELONY","Religion/Religious Practice","ANTI-JEWISH"
"679",2019,4,"QUEENS","MISDEMEANOR","Sexual Orientation","ANTI-MALE HOMOSEXUAL (GAY)"
"680",2019,5,"QUEENS","MISDEMEANOR","Religion/Religious Practice","ANTI-JEWISH"
"681",2019,10,"QUEENS","FELONY","Religion/Religious Practice","ANTI-JEWISH"
"682",2019,3,"QUEENS","FELONY","Religion/Religious Practice","ANTI-JEWISH"
"683",2019,8,"QUEENS","MISDEMEANOR","Religion/Religious Practice","ANTI-JEWISH"
"684",2019,8,"QUEENS","MISDEMEANOR","Religion/Religious Practice","ANTI-JEWISH"
"685",2019,8,"QUEENS","MISDEMEANOR","Religion/Religious Practice","ANTI-JEWISH"
"686",2019,10,"QUEENS","MISDEMEANOR","Religion/Religious Practice","ANTI-JEWISH"
"687",2019,1,"QUEENS","FELONY","Religion/Religious Practice","ANTI-BUDDHIST"
"688",2019,3,"QUEENS","MISDEMEANOR","Race/Color","ANTI-BLACK"
"689",2019,8,"QUEENS","MISDEMEANOR","Religion/Religious Practice","ANTI-JEWISH"
"690",2019,5,"QUEENS","FELONY","Religion/Religious Practice","ANTI-JEWISH"
"691",2019,8,"QUEENS","MISDEMEANOR","Religion/Religious Practice","ANTI-JEWISH"
"692",2019,6,"QUEENS","FELONY","Religion/Religious Practice","ANTI-JEWISH"
"693",2019,8,"QUEENS","MISDEMEANOR","Religion/Religious Practice","ANTI-JEWISH"
"694",2019,8,"QUEENS","MISDEMEANOR","Religion/Religious Practice","ANTI-JEWISH"
"695",2019,8,"QUEENS","MISDEMEANOR","Religion/Religious Practice","ANTI-JEWISH"
"696",2019,11,"QUEENS","FELONY","Religion/Religious Practice","ANTI-JEWISH"
"697",2019,1,"QUEENS","FELONY","Religion/Religious Practice","ANTI-JEWISH"
"698",2019,1,"QUEENS","MISDEMEANOR","Religion/Religious Practice","ANTI-MUSLIM"
"699",2019,6,"QUEENS","FELONY","Religion/Religious Practice","ANTI-JEWISH"
"700",2019,11,"QUEENS","MISDEMEANOR","Ethnicity/National Origin/Ancestry","ANTI-OTHER ETHNICITY"
"701",2019,12,"QUEENS","FELONY","Religion/Religious Practice","ANTI-JEWISH"
"702",2019,6,"QUEENS","FELONY","Race/Color","ANTI-BLACK"
"703",2019,7,"QUEENS","MISDEMEANOR","Religion/Religious Practice","ANTI-JEWISH"
"704",2019,10,"QUEENS","FELONY","Religion/Religious Practice","ANTI-OTHER RELIGION"
"705",2019,10,"QUEENS","MISDEMEANOR","Ethnicity/National Origin/Ancestry","ANTI-OTHER ETHNICITY"
"706",2019,10,"QUEENS","FELONY","Religion/Religious Practice","ANTI-JEWISH"
"707",2019,12,"QUEENS","MISDEMEANOR","Sexual Orientation","ANTI-MALE HOMOSEXUAL (GAY)"
"708",2019,12,"QUEENS","FELONY","Religion/Religious Practice","ANTI-JEWISH"
"709",2019,2,"RICHMOND","MISDEMEANOR","Ethnicity/National Origin/Ancestry","ANTI-OTHER ETHNICITY"
"710",2019,3,"RICHMOND","MISDEMEANOR","Ethnicity/National Origin/Ancestry","ANTI-HISPANIC"
"711",2019,1,"RICHMOND","FELONY","Race/Color","ANTI-BLACK"
"712",2019,5,"RICHMOND","MISDEMEANOR","Religion/Religious Practice","ANTI-JEWISH"
"713",2019,6,"RICHMOND","MISDEMEANOR","Religion/Religious Practice","ANTI-JEWISH"
"714",2019,10,"RICHMOND","MISDEMEANOR","Religion/Religious Practice","ANTI-JEWISH"
"715",2019,6,"RICHMOND","FELONY","Religion/Religious Practice","ANTI-JEWISH"
"716",2019,9,"RICHMOND","MISDEMEANOR","Sexual Orientation","ANTI-MALE HOMOSEXUAL (GAY)"
"717",2019,10,"RICHMOND","MISDEMEANOR","Race/Color","ANTI-BLACK"
"718",2019,12,"RICHMOND","MISDEMEANOR","Race/Color","ANTI-BLACK"
"719",2020,2,"NEW YORK","MISDEMEANOR","Religion/Religious Practice","ANTI-JEWISH"
"720",2020,3,"NEW YORK","FELONY","Religion/Religious Practice","ANTI-JEWISH"
"721",2020,9,"NEW YORK","MISDEMEANOR","Sexual Orientation","ANTI-MALE HOMOSEXUAL (GAY)"
"722",2020,1,"NEW YORK","MISDEMEANOR","Religion/Religious Practice","ANTI-JEWISH"
"723",2020,5,"NEW YORK","MISDEMEANOR","Religion/Religious Practice","ANTI-JEWISH"
"724",2020,10,"NEW YORK","MISDEMEANOR","Race/Color","ANTI-WHITE"
"725",2020,4,"NEW YORK","MISDEMEANOR","Race/Color","ANTI-ASIAN"
"726",2020,9,"NEW YORK","FELONY","Race/Color","ANTI-MULTI-RACIAL GROUPS"
"727",2020,10,"NEW YORK","FELONY","Religion/Religious Practice","ANTI-JEWISH"
"728",2020,1,"NEW YORK","MISDEMEANOR","Religion/Religious Practice","ANTI-JEWISH"
"729",2020,3,"NEW YORK","FELONY","Religion/Religious Practice","ANTI-JEWISH"
"730",2020,3,"NEW YORK","MISDEMEANOR","Gender","ANTI-TRANSGENDER"
"731",2020,6,"NEW YORK","MISDEMEANOR","Race/Color","ANTI-BLACK"
"732",2020,6,"NEW YORK","FELONY","Race/Color","ANTI-BLACK"
"733",2020,6,"NEW YORK","MISDEMEANOR","Religion/Religious Practice","ANTI-CATHOLIC"
"734",2020,6,"NEW YORK","MISDEMEANOR","Religion/Religious Practice","ANTI-CATHOLIC"
"735",2020,6,"NEW YORK","MISDEMEANOR","Religion/Religious Practice","ANTI-CATHOLIC"
"736",2020,7,"NEW YORK","MISDEMEANOR","Religion/Religious Practice","ANTI-CATHOLIC"
"737",2020,7,"NEW YORK","MISDEMEANOR","Religion/Religious Practice","ANTI-CATHOLIC"
"738",2020,8,"NEW YORK","FELONY","Race/Color","ANTI-BLACK"
"739",2020,8,"NEW YORK","MISDEMEANOR","Race/Color","ANTI-BLACK"
"740",2020,10,"NEW YORK","FELONY","Sexual Orientation","ANTI-MALE HOMOSEXUAL (GAY)"
"741",2020,2,"NEW YORK","MISDEMEANOR","Religion/Religious Practice","ANTI-JEWISH"
"742",2020,4,"NEW YORK","MISDEMEANOR","Race/Color","ANTI-ASIAN"
"743",2020,7,"NEW YORK","MISDEMEANOR","Religion/Religious Practice","ANTI-JEWISH"
"744",2020,9,"NEW YORK","FELONY","Race/Color","ANTI-ASIAN"
"745",2020,9,"NEW YORK","MISDEMEANOR","Religion/Religious Practice","ANTI-JEWISH"
"746",2020,3,"NEW YORK","MISDEMEANOR","Race/Color","ANTI-ASIAN"
"747",2020,2,"NEW YORK","FELONY","Religion/Religious Practice","ANTI-JEWISH"
"748",2020,5,"NEW YORK","MISDEMEANOR","Race/Color","ANTI-ASIAN"
"749",2020,7,"NEW YORK","FELONY","Race/Color","ANTI-ASIAN"
"750",2020,3,"NEW YORK","FELONY","Religion/Religious Practice","ANTI-JEWISH"
"751",2020,3,"NEW YORK","MISDEMEANOR","Religion/Religious Practice","ANTI-JEWISH"
"752",2020,3,"NEW YORK","MISDEMEANOR","Religion/Religious Practice","ANTI-JEWISH"
"753",2020,4,"NEW YORK","FELONY","Religion/Religious Practice","ANTI-JEWISH"
"754",2020,9,"NEW YORK","MISDEMEANOR","Religion/Religious Practice","ANTI-JEWISH"
"755",2020,1,"NEW YORK","FELONY","Religion/Religious Practice","ANTI-JEWISH"
"756",2020,5,"NEW YORK","FELONY","Sexual Orientation","ANTI-FEMALE HOMOSEXUAL (LESBIAN)"
"757",2020,6,"NEW YORK","FELONY","Gender","ANTI-GENDER NON-CONFORMING"
"758",2020,7,"NEW YORK","FELONY","Race/Color","ANTI-MULTI-RACIAL GROUPS"
"759",2020,4,"NEW YORK","FELONY","Sexual Orientation","ANTI-FEMALE HOMOSEXUAL (LESBIAN)"
"760",2020,4,"NEW YORK","MISDEMEANOR","Race/Color","ANTI-ASIAN"
"761",2020,10,"NEW YORK","FELONY","Religion/Religious Practice","ANTI-JEWISH"
"762",2020,12,"NEW YORK","FELONY","Religion/Religious Practice","ANTI-JEWISH"
"763",2020,12,"NEW YORK","FELONY","Sexual Orientation","ANTI-MALE HOMOSEXUAL (GAY)"
"764",2020,2,"NEW YORK","MISDEMEANOR","Race/Color","ANTI-BLACK"
"765",2020,9,"NEW YORK","MISDEMEANOR","Religion/Religious Practice","ANTI-JEWISH"
"766",2020,10,"NEW YORK","MISDEMEANOR","Race/Color","ANTI-BLACK"
"767",2020,1,"NEW YORK","FELONY","Race/Color","ANTI-BLACK"
"768",2020,3,"NEW YORK","FELONY","Religion/Religious Practice","ANTI-JEWISH"
"769",2020,10,"NEW YORK","MISDEMEANOR","Religion/Religious Practice","ANTI-JEWISH"
"770",2020,2,"NEW YORK","MISDEMEANOR","Sexual Orientation","ANTI-MALE HOMOSEXUAL (GAY)"
"771",2020,7,"NEW YORK","FELONY","Gender","ANTI-TRANSGENDER"
"772",2020,10,"NEW YORK","MISDEMEANOR","Sexual Orientation","ANTI-MALE HOMOSEXUAL (GAY)"
"773",2020,10,"NEW YORK","MISDEMEANOR","Ethnicity/National Origin/Ancestry","ANTI-OTHER ETHNICITY"
"774",2020,2,"NEW YORK","MISDEMEANOR","Religion/Religious Practice","ANTI-JEWISH"
"775",2020,12,"NEW YORK","MISDEMEANOR","Religion/Religious Practice","ANTI-CATHOLIC"
"776",2020,1,"NEW YORK","FELONY","Religion/Religious Practice","ANTI-CATHOLIC"
"777",2020,2,"NEW YORK","FELONY","Religion/Religious Practice","ANTI-JEWISH"
"778",2020,8,"NEW YORK","MISDEMEANOR","Race/Color","ANTI-BLACK"
"779",2020,1,"BRONX","MISDEMEANOR","Race/Color","ANTI-BLACK"
"780",2020,2,"BRONX","MISDEMEANOR","Race/Color","ANTI-BLACK"
"781",2020,3,"BRONX","MISDEMEANOR","Sexual Orientation","ANTI-FEMALE HOMOSEXUAL (LESBIAN)"
"782",2020,12,"BRONX","FELONY","Sexual Orientation","ANTI-FEMALE HOMOSEXUAL (LESBIAN)"
"783",2020,12,"BRONX","MISDEMEANOR","Religion/Religious Practice","ANTI-MUSLIM"
"784",2020,2,"BRONX","MISDEMEANOR","Sexual Orientation","ANTI-MALE HOMOSEXUAL (GAY)"
"785",2020,4,"BRONX","FELONY","Religion/Religious Practice","ANTI-JEWISH"
"786",2020,9,"BRONX","FELONY","Religion/Religious Practice","ANTI-JEWISH"
"787",2020,10,"BRONX","MISDEMEANOR","Religion/Religious Practice","ANTI-JEWISH"
"788",2020,6,"BRONX","FELONY","Religion/Religious Practice","ANTI-JEWISH"
"789",2020,11,"BRONX","FELONY","Religion/Religious Practice","ANTI-JEWISH"
"790",2020,12,"BRONX","FELONY","Religion/Religious Practice","ANTI-JEWISH"
"791",2020,10,"BRONX","FELONY","Religion/Religious Practice","ANTI-JEWISH"
"792",2020,9,"BRONX","MISDEMEANOR","Sexual Orientation","ANTI-LGBT (MIXED GROUP)"
"793",2020,1,"KINGS","MISDEMEANOR","Religion/Religious Practice","ANTI-JEWISH"
"794",2020,2,"KINGS","MISDEMEANOR","Religion/Religious Practice","ANTI-JEWISH"
"795",2020,2,"KINGS","FELONY","Religion/Religious Practice","ANTI-JEWISH"
"796",2020,3,"KINGS","MISDEMEANOR","Religion/Religious Practice","ANTI-JEWISH"
"797",2020,8,"KINGS","FELONY","Sexual Orientation","ANTI-MALE HOMOSEXUAL (GAY)"
"798",2020,10,"KINGS","MISDEMEANOR","Religion/Religious Practice","ANTI-JEWISH"
"799",2020,9,"KINGS","FELONY","Religion/Religious Practice","ANTI-CATHOLIC"
"800",2020,10,"KINGS","MISDEMEANOR","Religion/Religious Practice","ANTI-JEWISH"
"801",2020,2,"KINGS","FELONY","Religion/Religious Practice","ANTI-JEWISH"
"802",2020,8,"KINGS","MISDEMEANOR","Race/Color","ANTI-WHITE"
"803",2020,2,"KINGS","FELONY","Religion/Religious Practice","ANTI-JEWISH"
"804",2020,5,"KINGS","FELONY","Religion/Religious Practice","ANTI-CATHOLIC"
"805",2020,8,"KINGS","FELONY","Religion/Religious Practice","ANTI-JEWISH"
"806",2020,9,"KINGS","FELONY","Religion/Religious Practice","ANTI-JEWISH"
"807",2020,10,"KINGS","MISDEMEANOR","Religion/Religious Practice","ANTI-JEWISH"
"808",2020,11,"KINGS","MISDEMEANOR","Race/Color","ANTI-BLACK"
"809",2020,10,"KINGS","MISDEMEANOR","Sexual Orientation","ANTI-MALE HOMOSEXUAL (GAY)"
"810",2020,12,"KINGS","MISDEMEANOR","Race/Color","ANTI-BLACK"
"811",2020,7,"KINGS","FELONY","Religion/Religious Practice","ANTI-RELIGIOUS PRACTICE GENERALLY"
"812",2020,10,"KINGS","FELONY","Religion/Religious Practice","ANTI-JEWISH"
"813",2020,2,"KINGS","FELONY","Religion/Religious Practice","ANTI-JEWISH"
"814",2020,12,"KINGS","FELONY","Religion/Religious Practice","ANTI-JEWISH"
"815",2020,2,"KINGS","MISDEMEANOR","Religion/Religious Practice","ANTI-JEWISH"
"816",2020,4,"KINGS","FELONY","Religion/Religious Practice","ANTI-JEWISH"
"817",2020,5,"KINGS","FELONY","Religion/Religious Practice","ANTI-JEWISH"
"818",2020,7,"KINGS","MISDEMEANOR","Religion/Religious Practice","ANTI-JEWISH"
"819",2020,7,"KINGS","FELONY","Religion/Religious Practice","ANTI-JEWISH"
"820",2020,8,"KINGS","FELONY","Religion/Religious Practice","ANTI-JEWISH"
"821",2020,11,"KINGS","MISDEMEANOR","Religion/Religious Practice","ANTI-JEWISH"
"822",2020,12,"KINGS","FELONY","Religion/Religious Practice","ANTI-JEWISH"
"823",2020,12,"KINGS","FELONY","Religion/Religious Practice","ANTI-JEWISH"
"824",2020,1,"KINGS","FELONY","Sexual Orientation","ANTI-MALE HOMOSEXUAL (GAY)"
"825",2020,7,"KINGS","FELONY","Religion/Religious Practice","ANTI-JEWISH"
"826",2020,11,"KINGS","FELONY","Religion/Religious Practice","ANTI-JEWISH"
"827",2020,3,"KINGS","FELONY","Religion/Religious Practice","ANTI-JEWISH"
"828",2020,8,"KINGS","MISDEMEANOR","Race/Color","ANTI-BLACK"
"829",2020,12,"KINGS","FELONY","Religion/Religious Practice","ANTI-JEWISH"
"830",2020,2,"KINGS","FELONY","Religion/Religious Practice","ANTI-JEWISH"
"831",2020,3,"KINGS","FELONY","Religion/Religious Practice","ANTI-JEWISH"
"832",2020,3,"KINGS","MISDEMEANOR","Religion/Religious Practice","ANTI-MUSLIM"
"833",2020,8,"KINGS","FELONY","Religion/Religious Practice","ANTI-JEWISH"
"834",2020,7,"KINGS","MISDEMEANOR","Race/Color","ANTI-BLACK"
"835",2020,4,"KINGS","MISDEMEANOR","Race/Color","ANTI-WHITE"
"836",2020,10,"KINGS","MISDEMEANOR","Race/Color","ANTI-BLACK"
"837",2020,11,"KINGS","FELONY","Religion/Religious Practice","ANTI-JEWISH"
"838",2020,1,"KINGS","MISDEMEANOR","Religion/Religious Practice","ANTI-JEWISH"
"839",2020,1,"KINGS","MISDEMEANOR","Religion/Religious Practice","ANTI-JEWISH"
"840",2020,1,"KINGS","FELONY","Race/Color","ANTI-ASIAN"
"841",2020,7,"KINGS","MISDEMEANOR","Religion/Religious Practice","ANTI-JEWISH"
"842",2020,7,"KINGS","MISDEMEANOR","Religion/Religious Practice","ANTI-JEWISH"
"843",2020,7,"KINGS","MISDEMEANOR","Religion/Religious Practice","ANTI-JEWISH"
"844",2020,2,"KINGS","MISDEMEANOR","Religion/Religious Practice","ANTI-JEWISH"
"845",2020,8,"KINGS","FELONY","Religion/Religious Practice","ANTI-JEWISH"
"846",2020,10,"KINGS","FELONY","Religion/Religious Practice","ANTI-JEWISH"
"847",2020,1,"KINGS","MISDEMEANOR","Religion/Religious Practice","ANTI-JEWISH"
"848",2020,1,"KINGS","MISDEMEANOR","Race/Color","ANTI-BLACK"
"849",2020,1,"KINGS","FELONY","Religion/Religious Practice","ANTI-JEWISH"
"850",2020,2,"KINGS","FELONY","Race/Color","ANTI-WHITE"
"851",2020,2,"KINGS","FELONY","Religion/Religious Practice","ANTI-JEWISH"
"852",2020,4,"KINGS","FELONY","Ethnicity/National Origin/Ancestry","ANTI-OTHER ETHNICITY"
"853",2020,7,"KINGS","FELONY","Religion/Religious Practice","ANTI-JEWISH"
"854",2020,10,"KINGS","MISDEMEANOR","Race/Color","ANTI-ASIAN"
"855",2020,11,"KINGS","MISDEMEANOR","Religion/Religious Practice","ANTI-JEWISH"
"856",2020,12,"KINGS","MISDEMEANOR","Gender","ANTI-FEMALE"
"857",2020,12,"KINGS","FELONY","Religion/Religious Practice","ANTI-JEWISH"
"858",2020,9,"KINGS","MISDEMEANOR","Religion/Religious Practice","ANTI-JEWISH"
"859",2020,3,"QUEENS","MISDEMEANOR","Religion/Religious Practice","ANTI-JEWISH"
"860",2020,5,"QUEENS","MISDEMEANOR","Race/Color","ANTI-BLACK"
"861",2020,10,"QUEENS","MISDEMEANOR","Race/Color","ANTI-BLACK"
"862",2020,1,"QUEENS","FELONY","Religion/Religious Practice","ANTI-JEWISH"
"863",2020,7,"QUEENS","MISDEMEANOR","Religion/Religious Practice","ANTI-JEWISH"
"864",2020,3,"QUEENS","MISDEMEANOR","Religion/Religious Practice","ANTI-HINDU"
"865",2020,1,"QUEENS","FELONY","Religion/Religious Practice","ANTI-JEWISH"
"866",2020,1,"QUEENS","FELONY","Religion/Religious Practice","ANTI-JEWISH"
"867",2020,2,"QUEENS","MISDEMEANOR","Religion/Religious Practice","ANTI-JEWISH"
"868",2020,2,"QUEENS","MISDEMEANOR","Religion/Religious Practice","ANTI-JEWISH"
"869",2020,3,"QUEENS","FELONY","Religion/Religious Practice","ANTI-JEWISH"
"870",2020,9,"QUEENS","FELONY","Religion/Religious Practice","ANTI-JEWISH"
"871",2020,9,"QUEENS","FELONY","Religion/Religious Practice","ANTI-JEWISH"
"872",2020,11,"QUEENS","FELONY","Religion/Religious Practice","ANTI-JEWISH"
"873",2020,6,"QUEENS","FELONY","Race/Color","ANTI-BLACK"
"874",2020,3,"QUEENS","MISDEMEANOR","Race/Color","ANTI-BLACK"
"875",2020,5,"QUEENS","MISDEMEANOR","Ethnicity/National Origin/Ancestry","ANTI-ARAB"
"876",2020,7,"QUEENS","MISDEMEANOR","Religion/Religious Practice","ANTI-RELIGIOUS PRACTICE GENERALLY"
"877",2020,9,"QUEENS","MISDEMEANOR","Race/Color","ANTI-BLACK"
"878",2020,1,"QUEENS","MISDEMEANOR","Religion/Religious Practice","ANTI-JEWISH"
"879",2020,2,"QUEENS","FELONY","Religion/Religious Practice","ANTI-JEWISH"
"880",2020,6,"QUEENS","VIOLATION","Race/Color","ANTI-ASIAN"
"881",2020,9,"QUEENS","MISDEMEANOR","Religion/Religious Practice","ANTI-JEWISH"
"882",2020,11,"QUEENS","FELONY","Religion/Religious Practice","ANTI-JEWISH"
"883",2020,11,"QUEENS","MISDEMEANOR","Religion/Religious Practice","ANTI-JEWISH"
"884",2020,7,"QUEENS","MISDEMEANOR","Religion/Religious Practice","ANTI-JEWISH"
"885",2020,7,"QUEENS","MISDEMEANOR","Race/Color","ANTI-BLACK"
"886",2020,9,"QUEENS","FELONY","Religion/Religious Practice","ANTI-JEWISH"
"887",2020,12,"QUEENS","MISDEMEANOR","Race/Color","ANTI-BLACK"
"888",2020,1,"QUEENS","FELONY","Race/Color","ANTI-BLACK"
"889",2020,10,"QUEENS","FELONY","Religion/Religious Practice","ANTI-MUSLIM"
"890",2020,3,"QUEENS","FELONY","Sexual Orientation","ANTI-MALE HOMOSEXUAL (GAY)"
"891",2020,12,"QUEENS","MISDEMEANOR","Ethnicity/National Origin/Ancestry","ANTI-HISPANIC"
"892",2020,1,"RICHMOND","MISDEMEANOR","Religion/Religious Practice","ANTI-JEWISH"
"893",2020,1,"RICHMOND","MISDEMEANOR","Religion/Religious Practice","ANTI-JEWISH"
"894",2020,4,"RICHMOND","FELONY","Religion/Religious Practice","ANTI-JEWISH"
"895",2020,1,"RICHMOND","FELONY","Religion/Religious Practice","ANTI-JEWISH"
"896",2020,6,"RICHMOND","FELONY","Sexual Orientation","ANTI-MALE HOMOSEXUAL (GAY)"
"897",2020,6,"RICHMOND","FELONY","Religion/Religious Practice","ANTI-JEWISH"
"898",2020,7,"RICHMOND","FELONY","Religion/Religious Practice","ANTI-JEWISH"
"899",2020,6,"RICHMOND","MISDEMEANOR","Race/Color","ANTI-WHITE"
"900",2020,8,"RICHMOND","MISDEMEANOR","Race/Color","ANTI-BLACK"
"901",2021,2,"NEW YORK","MISDEMEANOR","Race/Color","ANTI-ASIAN"
"902",2021,3,"NEW YORK","FELONY","Ethnicity/National Origin/Ancestry","ANTI-HISPANIC"
"903",2021,4,"NEW YORK","MISDEMEANOR","Race/Color","ANTI-ASIAN"
"904",2021,5,"NEW YORK","MISDEMEANOR","Ethnicity/National Origin/Ancestry","ANTI-HISPANIC"
"905",2021,5,"NEW YORK","MISDEMEANOR","Race/Color","ANTI-BLACK"
"906",2021,6,"NEW YORK","MISDEMEANOR","Race/Color","ANTI-BLACK"
"907",2021,6,"NEW YORK","MISDEMEANOR","Race/Color","ANTI-ASIAN"
"908",2021,6,"NEW YORK","MISDEMEANOR","Religion/Religious Practice","ANTI-JEWISH"
"909",2021,7,"NEW YORK","FELONY","Religion/Religious Practice","ANTI-JEWISH"
"910",2021,9,"NEW YORK","FELONY","Religion/Religious Practice","ANTI-JEWISH"
"911",2021,2,"NEW YORK","FELONY","Race/Color","ANTI-ASIAN"
"912",2021,4,"NEW YORK","FELONY","Religion/Religious Practice","ANTI-JEWISH"
"913",2021,11,"NEW YORK","MISDEMEANOR","Race/Color","ANTI-ASIAN"
"914",2021,2,"NEW YORK","FELONY","Religion/Religious Practice","ANTI-JEWISH"
"915",2021,2,"NEW YORK","MISDEMEANOR","Sexual Orientation","ANTI-FEMALE HOMOSEXUAL (LESBIAN)"
"916",2021,4,"NEW YORK","MISDEMEANOR","Race/Color","ANTI-ASIAN"
"917",2021,5,"NEW YORK","MISDEMEANOR","Sexual Orientation","ANTI-MALE HOMOSEXUAL (GAY)"
"918",2021,6,"NEW YORK","MISDEMEANOR","Religion/Religious Practice","ANTI-JEWISH"
"919",2021,6,"NEW YORK","MISDEMEANOR","Sexual Orientation","ANTI-MALE HOMOSEXUAL (GAY)"
"920",2021,7,"NEW YORK","FELONY","Sexual Orientation","ANTI-MALE HOMOSEXUAL (GAY)"
"921",2021,7,"NEW YORK","MISDEMEANOR","Sexual Orientation","ANTI-MALE HOMOSEXUAL (GAY)"
"922",2021,8,"NEW YORK","FELONY","Religion/Religious Practice","ANTI-JEWISH"
"923",2021,9,"NEW YORK","FELONY","Religion/Religious Practice","ANTI-CATHOLIC"
"924",2021,9,"NEW YORK","FELONY","Religion/Religious Practice","ANTI-JEWISH"
"925",2021,2,"NEW YORK","MISDEMEANOR","Race/Color","ANTI-BLACK"
"926",2021,3,"NEW YORK","FELONY","Race/Color","ANTI-ASIAN"
"927",2021,2,"NEW YORK","MISDEMEANOR","Race/Color","ANTI-ASIAN"
"928",2021,3,"NEW YORK","FELONY","Race/Color","ANTI-ASIAN"
"929",2021,3,"NEW YORK","FELONY","Religion/Religious Practice","ANTI-JEWISH"
"930",2021,3,"NEW YORK","FELONY","Religion/Religious Practice","ANTI-JEWISH"
"931",2021,5,"NEW YORK","FELONY","Sexual Orientation","ANTI-MALE HOMOSEXUAL (GAY)"
"932",2021,9,"NEW YORK","MISDEMEANOR","Race/Color","ANTI-ASIAN"
"933",2021,4,"NEW YORK","FELONY","Race/Color","ANTI-ASIAN"
"934",2021,4,"NEW YORK","MISDEMEANOR","Race/Color","ANTI-ASIAN"
"935",2021,5,"NEW YORK","MISDEMEANOR","Race/Color","ANTI-ASIAN"
"936",2021,9,"NEW YORK","FELONY","Sexual Orientation","ANTI-MALE HOMOSEXUAL (GAY)"
"937",2021,4,"NEW YORK","MISDEMEANOR","Race/Color","ANTI-ASIAN"
"938",2021,7,"NEW YORK","MISDEMEANOR","Race/Color","ANTI-ASIAN"
"939",2021,9,"NEW YORK","FELONY","Race/Color","ANTI-BLACK"
"940",2021,12,"NEW YORK","FELONY","Sexual Orientation","ANTI-LGBT (MIXED GROUP)"
"941",2021,4,"NEW YORK","MISDEMEANOR","Race/Color","ANTI-ASIAN"
"942",2021,1,"NEW YORK","FELONY","Religion/Religious Practice","ANTI-JEWISH"
"943",2021,5,"NEW YORK","MISDEMEANOR","Race/Color","ANTI-ASIAN"
"944",2021,5,"NEW YORK","MISDEMEANOR","Religion/Religious Practice","ANTI-JEWISH"
"945",2021,6,"NEW YORK","MISDEMEANOR","Race/Color","ANTI-ASIAN"
"946",2021,6,"NEW YORK","MISDEMEANOR","Race/Color","ANTI-ASIAN"
"947",2021,8,"NEW YORK","FELONY","Religion/Religious Practice","ANTI-JEWISH"
"948",2021,9,"NEW YORK","MISDEMEANOR","Religion/Religious Practice","ANTI-JEWISH"
"949",2021,9,"NEW YORK","MISDEMEANOR","Sexual Orientation","ANTI-FEMALE HOMOSEXUAL (LESBIAN)"
"950",2021,3,"NEW YORK","MISDEMEANOR","Race/Color","ANTI-ASIAN"
"951",2021,3,"NEW YORK","MISDEMEANOR","Race/Color","ANTI-ASIAN"
"952",2021,3,"NEW YORK","MISDEMEANOR","Race/Color","ANTI-ASIAN"
"953",2021,3,"NEW YORK","FELONY","Race/Color","ANTI-ASIAN"
"954",2021,4,"NEW YORK","FELONY","Religion/Religious Practice","ANTI-JEWISH"
"955",2021,4,"NEW YORK","MISDEMEANOR","Sexual Orientation","ANTI-MALE HOMOSEXUAL (GAY)"
"956",2021,5,"NEW YORK","MISDEMEANOR","Sexual Orientation","ANTI-MALE HOMOSEXUAL (GAY)"
"957",2021,5,"NEW YORK","FELONY","Race/Color","ANTI-ASIAN"
"958",2021,5,"NEW YORK","MISDEMEANOR","Religion/Religious Practice","ANTI-JEWISH"
"959",2021,5,"NEW YORK","MISDEMEANOR","Religion/Religious Practice","ANTI-JEWISH"
"960",2021,5,"NEW YORK","MISDEMEANOR","Religion/Religious Practice","ANTI-JEWISH"
"961",2021,6,"NEW YORK","FELONY","Sexual Orientation","ANTI-MALE HOMOSEXUAL (GAY)"
"962",2021,8,"NEW YORK","MISDEMEANOR","Race/Color","ANTI-ASIAN"
"963",2021,8,"NEW YORK","MISDEMEANOR","Race/Color","ANTI-ASIAN"
"964",2021,8,"NEW YORK","MISDEMEANOR","Sexual Orientation","ANTI-FEMALE HOMOSEXUAL (LESBIAN)"
"965",2021,9,"NEW YORK","MISDEMEANOR","Race/Color","ANTI-BLACK"
"966",2021,3,"NEW YORK","MISDEMEANOR","Race/Color","ANTI-ASIAN"
"967",2021,4,"NEW YORK","MISDEMEANOR","Race/Color","ANTI-ASIAN"
"968",2021,6,"NEW YORK","MISDEMEANOR","Race/Color","ANTI-ASIAN"
"969",2021,4,"NEW YORK","MISDEMEANOR","Race/Color","ANTI-ASIAN"
"970",2021,4,"NEW YORK","FELONY","Religion/Religious Practice","ANTI-JEWISH"
"971",2021,4,"NEW YORK","MISDEMEANOR","Religion/Religious Practice","ANTI-JEWISH"
"972",2021,5,"NEW YORK","FELONY","Religion/Religious Practice","ANTI-JEWISH"
"973",2021,5,"NEW YORK","MISDEMEANOR","Religion/Religious Practice","ANTI-JEWISH"
"974",2021,6,"NEW YORK","MISDEMEANOR","Race/Color","ANTI-ASIAN"
"975",2021,6,"NEW YORK","FELONY","Religion/Religious Practice","ANTI-JEWISH"
"976",2021,6,"NEW YORK","MISDEMEANOR","Sexual Orientation","ANTI-MALE HOMOSEXUAL (GAY)"
"977",2021,8,"NEW YORK","FELONY","Sexual Orientation","ANTI-MALE HOMOSEXUAL (GAY)"
"978",2021,8,"NEW YORK","MISDEMEANOR","Race/Color","ANTI-ASIAN"
"979",2021,4,"NEW YORK","MISDEMEANOR","Race/Color","ANTI-ASIAN"
"980",2021,4,"NEW YORK","FELONY","Race/Color","ANTI-ASIAN"
"981",2021,4,"NEW YORK","MISDEMEANOR","Sexual Orientation","ANTI-MALE HOMOSEXUAL (GAY)"
"982",2021,5,"NEW YORK","MISDEMEANOR","Religion/Religious Practice","ANTI-JEWISH"
"983",2021,5,"NEW YORK","MISDEMEANOR","Religion/Religious Practice","ANTI-JEWISH"
"984",2021,5,"NEW YORK","MISDEMEANOR","Religion/Religious Practice","ANTI-JEWISH"
"985",2021,5,"NEW YORK","FELONY","Religion/Religious Practice","ANTI-JEWISH"
"986",2021,7,"NEW YORK","MISDEMEANOR","Ethnicity/National Origin/Ancestry","ANTI-ARAB"
"987",2021,7,"NEW YORK","MISDEMEANOR","Race/Color","ANTI-ASIAN"
"988",2021,9,"NEW YORK","FELONY","Race/Color","ANTI-ASIAN"
"989",2021,1,"NEW YORK","MISDEMEANOR","Race/Color","ANTI-ASIAN"
"990",2021,2,"NEW YORK","FELONY","Religion/Religious Practice","ANTI-JEWISH"
"991",2021,6,"NEW YORK","MISDEMEANOR","Religion/Religious Practice","ANTI-JEWISH"
"992",2021,9,"NEW YORK","FELONY","Religion/Religious Practice","ANTI-JEWISH"
"993",2021,3,"NEW YORK","MISDEMEANOR","Religion/Religious Practice","ANTI-JEWISH"
"994",2021,8,"NEW YORK","FELONY","Religion/Religious Practice","ANTI-JEWISH"
"995",2021,8,"NEW YORK","MISDEMEANOR","Religion/Religious Practice","ANTI-JEWISH"
"996",2021,3,"NEW YORK","MISDEMEANOR","Religion/Religious Practice","ANTI-JEWISH"
"997",2021,3,"NEW YORK","FELONY","Religion/Religious Practice","ANTI-JEWISH"
"998",2021,4,"NEW YORK","MISDEMEANOR","Race/Color","ANTI-ASIAN"
"999",2021,5,"NEW YORK","MISDEMEANOR","Sexual Orientation","ANTI-MALE HOMOSEXUAL (GAY)"
"1000",2021,7,"NEW YORK","MISDEMEANOR","Sexual Orientation","ANTI-MALE HOMOSEXUAL (GAY)"
"1001",2021,9,"NEW YORK","FELONY","Religion/Religious Practice","ANTI-JEWISH"
"1002",2021,9,"NEW YORK","FELONY","Religion/Religious Practice","ANTI-JEWISH"
"1003",2021,4,"NEW YORK","FELONY","Race/Color","ANTI-ASIAN"
"1004",2021,5,"NEW YORK","FELONY","Race/Color","ANTI-WHITE"
"1005",2021,6,"NEW YORK","MISDEMEANOR","Race/Color","ANTI-ASIAN"
"1006",2021,8,"NEW YORK","FELONY","Religion/Religious Practice","ANTI-JEWISH"
"1007",2021,9,"NEW YORK","FELONY","Religion/Religious Practice","ANTI-JEWISH"
"1008",2021,9,"NEW YORK","FELONY","Religion/Religious Practice","ANTI-JEWISH"
"1009",2021,4,"NEW YORK","FELONY","Race/Color","ANTI-BLACK"
"1010",2021,5,"NEW YORK","FELONY","Race/Color","ANTI-ASIAN"
"1011",2021,5,"NEW YORK","FELONY","Religion/Religious Practice","ANTI-JEWISH"
"1012",2021,5,"NEW YORK","FELONY","Religion/Religious Practice","ANTI-JEWISH"
"1013",2021,6,"NEW YORK","MISDEMEANOR","Religion/Religious Practice","ANTI-JEWISH"
"1014",2021,6,"NEW YORK","FELONY","Religion/Religious Practice","ANTI-JEWISH"
"1015",2021,8,"NEW YORK","MISDEMEANOR","Ethnicity/National Origin/Ancestry","ANTI-OTHER ETHNICITY"
"1016",2021,1,"NEW YORK","FELONY","Race/Color","ANTI-BLACK"
"1017",2021,4,"NEW YORK","MISDEMEANOR","Race/Color","ANTI-ASIAN"
"1018",2021,5,"NEW YORK","MISDEMEANOR","Race/Color","ANTI-WHITE"
"1019",2021,5,"NEW YORK","FELONY","Religion/Religious Practice","ANTI-JEWISH"
"1020",2021,1,"NEW YORK","MISDEMEANOR","Religion/Religious Practice","ANTI-JEWISH"
"1021",2021,1,"NEW YORK","FELONY","Religion/Religious Practice","ANTI-JEWISH"
"1022",2021,5,"NEW YORK","MISDEMEANOR","Race/Color","ANTI-BLACK"
"1023",2021,2,"NEW YORK","FELONY","Race/Color","ANTI-ASIAN"
"1024",2021,6,"NEW YORK","FELONY","Gender","ANTI-TRANSGENDER"
"1025",2021,8,"NEW YORK","MISDEMEANOR","Sexual Orientation","ANTI-MALE HOMOSEXUAL (GAY)"
"1026",2021,7,"NEW YORK","MISDEMEANOR","Sexual Orientation","ANTI-MALE HOMOSEXUAL (GAY)"
"1027",2021,7,"NEW YORK","MISDEMEANOR","Religion/Religious Practice","ANTI-JEWISH"
"1028",2021,8,"NEW YORK","VIOLATION","Religion/Religious Practice","ANTI-JEWISH"
"1029",2021,4,"BRONX","MISDEMEANOR","Race/Color","ANTI-BLACK"
"1030",2021,6,"BRONX","MISDEMEANOR","Race/Color","ANTI-WHITE"
"1031",2021,4,"BRONX","FELONY","Gender","ANTI-TRANSGENDER"
"1032",2021,2,"BRONX","FELONY","Religion/Religious Practice","ANTI-JEWISH"
"1033",2021,5,"BRONX","MISDEMEANOR","Race/Color","ANTI-ASIAN"
"1034",2021,9,"BRONX","FELONY","Religion/Religious Practice","ANTI-JEWISH"
"1035",2021,4,"BRONX","MISDEMEANOR","Race/Color","ANTI-ASIAN"
"1036",2021,8,"BRONX","FELONY","Sexual Orientation","ANTI-MALE HOMOSEXUAL (GAY)"
"1037",2021,8,"BRONX","MISDEMEANOR","Sexual Orientation","ANTI-MALE HOMOSEXUAL (GAY)"
"1038",2021,9,"BRONX","FELONY","Religion/Religious Practice","ANTI-JEWISH"
"1039",2021,1,"BRONX","MISDEMEANOR","Gender","ANTI-TRANSGENDER"
"1040",2021,5,"BRONX","FELONY","Religion/Religious Practice","ANTI-JEWISH"
"1041",2021,1,"BRONX","FELONY","Race/Color","ANTI-BLACK"
"1042",2021,4,"BRONX","MISDEMEANOR","Religion/Religious Practice","ANTI-JEWISH"
"1043",2021,4,"BRONX","MISDEMEANOR","Religion/Religious Practice","ANTI-JEWISH"
"1044",2021,4,"BRONX","FELONY","Religion/Religious Practice","ANTI-JEWISH"
"1045",2021,4,"BRONX","FELONY","Religion/Religious Practice","ANTI-JEWISH"
"1046",2021,5,"BRONX","FELONY","Religion/Religious Practice","ANTI-JEWISH"
"1047",2021,6,"BRONX","FELONY","Sexual Orientation","ANTI-MALE HOMOSEXUAL (GAY)"
"1048",2021,3,"KINGS","FELONY","Religion/Religious Practice","ANTI-JEWISH"
"1049",2021,7,"KINGS","FELONY","Sexual Orientation","ANTI-MALE HOMOSEXUAL (GAY)"
"1050",2021,3,"KINGS","MISDEMEANOR","Race/Color","ANTI-ASIAN"
"1051",2021,4,"KINGS","MISDEMEANOR","Sexual Orientation","ANTI-MALE HOMOSEXUAL (GAY)"
"1052",2021,5,"KINGS","MISDEMEANOR","Religion/Religious Practice","ANTI-MUSLIM"
"1053",2021,8,"KINGS","MISDEMEANOR","Religion/Religious Practice","ANTI-JEWISH"
"1054",2021,3,"KINGS","MISDEMEANOR","Race/Color","ANTI-ASIAN"
"1055",2021,4,"KINGS","FELONY","Religion/Religious Practice","ANTI-JEWISH"
"1056",2021,4,"KINGS","MISDEMEANOR","Religion/Religious Practice","ANTI-JEWISH"
"1057",2021,7,"KINGS","FELONY","Religion/Religious Practice","ANTI-CATHOLIC"
"1058",2021,7,"KINGS","FELONY","Race/Color","ANTI-ASIAN"
"1059",2021,7,"KINGS","MISDEMEANOR","Religion/Religious Practice","ANTI-JEWISH"
"1060",2021,8,"KINGS","MISDEMEANOR","Religion/Religious Practice","ANTI-JEWISH"
"1061",2021,6,"KINGS","VIOLATION","Sexual Orientation","ANTI-MALE HOMOSEXUAL (GAY)"
"1062",2021,8,"KINGS","MISDEMEANOR","Sexual Orientation","ANTI-MALE HOMOSEXUAL (GAY)"
"1063",2021,2,"KINGS","FELONY","Religion/Religious Practice","ANTI-JEWISH"
"1064",2021,4,"KINGS","MISDEMEANOR","Race/Color","ANTI-ASIAN"
"1065",2021,4,"KINGS","FELONY","Religion/Religious Practice","ANTI-JEWISH"
"1066",2021,9,"KINGS","MISDEMEANOR","Race/Color","ANTI-BLACK"
"1067",2021,1,"KINGS","MISDEMEANOR","Race/Color","ANTI-BLACK"
"1068",2021,1,"KINGS","MISDEMEANOR","Religion/Religious Practice","ANTI-JEWISH"
"1069",2021,6,"KINGS","FELONY","Religion/Religious Practice","ANTI-JEWISH"
"1070",2021,5,"KINGS","MISDEMEANOR","Race/Color","ANTI-BLACK"
"1071",2021,6,"KINGS","FELONY","Race/Color","ANTI-BLACK"
"1072",2021,9,"KINGS","FELONY","Religion/Religious Practice","ANTI-JEWISH"
"1073",2021,9,"KINGS","FELONY","Religion/Religious Practice","ANTI-JEWISH"
"1074",2021,4,"KINGS","MISDEMEANOR","Religion/Religious Practice","ANTI-JEWISH"
"1075",2021,6,"KINGS","MISDEMEANOR","Religion/Religious Practice","ANTI-JEWISH"
"1076",2021,8,"KINGS","MISDEMEANOR","Religion/Religious Practice","ANTI-JEWISH"
"1077",2021,4,"KINGS","MISDEMEANOR","Race/Color","ANTI-ASIAN"
"1078",2021,4,"KINGS","MISDEMEANOR","Gender","ANTI-TRANSGENDER"
"1079",2021,6,"KINGS","FELONY","Religion/Religious Practice","ANTI-JEWISH"
"1080",2021,5,"KINGS","MISDEMEANOR","Race/Color","ANTI-WHITE"
"1081",2021,8,"KINGS","MISDEMEANOR","Gender","ANTI-TRANSGENDER"
"1082",2021,3,"KINGS","FELONY","Race/Color","ANTI-ASIAN"
"1083",2021,5,"KINGS","MISDEMEANOR","Race/Color","ANTI-ASIAN"
"1084",2021,8,"KINGS","FELONY","Gender","ANTI-TRANSGENDER"
"1085",2021,9,"KINGS","MISDEMEANOR","Religion/Religious Practice","ANTI-MUSLIM"
"1086",2021,9,"KINGS","FELONY","Sexual Orientation","ANTI-MALE HOMOSEXUAL (GAY)"
"1087",2021,5,"KINGS","MISDEMEANOR","Religion/Religious Practice","ANTI-JEWISH"
"1088",2021,9,"KINGS","FELONY","Race/Color","ANTI-ASIAN"
"1089",2021,3,"KINGS","MISDEMEANOR","Sexual Orientation","ANTI-MALE HOMOSEXUAL (GAY)"
"1090",2021,6,"KINGS","MISDEMEANOR","Sexual Orientation","ANTI-MALE HOMOSEXUAL (GAY)"
"1091",2021,9,"KINGS","FELONY","Religion/Religious Practice","ANTI-JEWISH"
"1092",2021,5,"KINGS","FELONY","Sexual Orientation","ANTI-MALE HOMOSEXUAL (GAY)"
"1093",2021,5,"KINGS","MISDEMEANOR","Sexual Orientation","ANTI-MALE HOMOSEXUAL (GAY)"
"1094",2021,5,"KINGS","MISDEMEANOR","Sexual Orientation","ANTI-MALE HOMOSEXUAL (GAY)"
"1095",2021,6,"KINGS","FELONY","Sexual Orientation","ANTI-MALE HOMOSEXUAL (GAY)"
"1096",2021,9,"KINGS","MISDEMEANOR","Sexual Orientation","ANTI-MALE HOMOSEXUAL (GAY)"
"1097",2021,5,"KINGS","FELONY","Race/Color","ANTI-ASIAN"
"1098",2021,2,"KINGS","MISDEMEANOR","Race/Color","ANTI-ASIAN"
"1099",2021,2,"KINGS","FELONY","Religion/Religious Practice","ANTI-JEWISH"
"1100",2021,5,"KINGS","MISDEMEANOR","Race/Color","ANTI-ASIAN"
"1101",2021,5,"KINGS","MISDEMEANOR","Race/Color","ANTI-ASIAN"
"1102",2021,5,"KINGS","MISDEMEANOR","Ethnicity/National Origin/Ancestry","ANTI-OTHER ETHNICITY"
"1103",2021,7,"KINGS","FELONY","Race/Color","ANTI-BLACK"
"1104",2021,3,"KINGS","FELONY","Race/Color","ANTI-ASIAN"
"1105",2021,3,"KINGS","MISDEMEANOR","Race/Color","ANTI-ASIAN"
"1106",2021,6,"KINGS","MISDEMEANOR","Race/Color","ANTI-BLACK"
"1107",2021,7,"KINGS","MISDEMEANOR","Sexual Orientation","ANTI-MALE HOMOSEXUAL (GAY)"
"1108",2021,2,"KINGS","MISDEMEANOR","Race/Color","ANTI-BLACK"
"1109",2021,3,"KINGS","FELONY","Religion/Religious Practice","ANTI-JEWISH"
"1110",2021,5,"KINGS","FELONY","Religion/Religious Practice","ANTI-JEWISH"
"1111",2021,6,"KINGS","MISDEMEANOR","Religion/Religious Practice","ANTI-JEWISH"
"1112",2021,7,"KINGS","MISDEMEANOR","Religion/Religious Practice","ANTI-JEWISH"
"1113",2021,8,"KINGS","FELONY","Religion/Religious Practice","ANTI-JEWISH"
"1114",2021,4,"KINGS","FELONY","Religion/Religious Practice","ANTI-JEWISH"
"1115",2021,5,"KINGS","MISDEMEANOR","Race/Color","ANTI-BLACK"
"1116",2021,5,"KINGS","MISDEMEANOR","Race/Color","ANTI-WHITE"
"1117",2021,6,"KINGS","FELONY","Religion/Religious Practice","ANTI-JEWISH"
"1118",2021,4,"QUEENS","FELONY","Race/Color","ANTI-ASIAN"
"1119",2021,7,"QUEENS","FELONY","Religion/Religious Practice","ANTI-JEWISH"
"1120",2021,8,"QUEENS","MISDEMEANOR","Religion/Religious Practice","ANTI-JEWISH"
"1121",2021,5,"QUEENS","FELONY","Religion/Religious Practice","ANTI-JEWISH"
"1122",2021,9,"QUEENS","MISDEMEANOR","Religion/Religious Practice","ANTI-CATHOLIC"
"1123",2021,3,"QUEENS","MISDEMEANOR","Race/Color","ANTI-ASIAN"
"1124",2021,4,"QUEENS","MISDEMEANOR","Religion/Religious Practice","ANTI-JEWISH"
"1125",2021,3,"QUEENS","FELONY","Race/Color","ANTI-BLACK"
"1126",2021,5,"QUEENS","FELONY","Race/Color","ANTI-ASIAN"
"1127",2021,6,"QUEENS","MISDEMEANOR","Religion/Religious Practice","ANTI-JEWISH"
"1128",2021,8,"QUEENS","MISDEMEANOR","Sexual Orientation","ANTI-MALE HOMOSEXUAL (GAY)"
"1129",2021,8,"QUEENS","MISDEMEANOR","Sexual Orientation","ANTI-MALE HOMOSEXUAL (GAY)"
"1130",2021,3,"QUEENS","MISDEMEANOR","Race/Color","ANTI-ASIAN"
"1131",2021,4,"QUEENS","FELONY","Religion/Religious Practice","ANTI-JEWISH"
"1132",2021,4,"QUEENS","MISDEMEANOR","Race/Color","ANTI-ASIAN"
"1133",2021,5,"QUEENS","MISDEMEANOR","Race/Color","ANTI-ASIAN"
"1134",2021,5,"QUEENS","MISDEMEANOR","Race/Color","ANTI-ASIAN"
"1135",2021,5,"QUEENS","FELONY","Religion/Religious Practice","ANTI-JEWISH"
"1136",2021,5,"QUEENS","FELONY","Religion/Religious Practice","ANTI-JEWISH"
"1137",2021,8,"QUEENS","FELONY","Gender","ANTI-TRANSGENDER"
"1138",2021,9,"QUEENS","MISDEMEANOR","Religion/Religious Practice","ANTI-MUSLIM"
"1139",2021,3,"QUEENS","FELONY","Race/Color","ANTI-ASIAN"
"1140",2021,3,"QUEENS","FELONY","Race/Color","ANTI-ASIAN"
"1141",2021,3,"QUEENS","MISDEMEANOR","Race/Color","ANTI-BLACK"
"1142",2021,3,"QUEENS","MISDEMEANOR","Race/Color","ANTI-ASIAN"
"1143",2021,3,"QUEENS","FELONY","Race/Color","ANTI-ASIAN"
"1144",2021,5,"QUEENS","FELONY","Religion/Religious Practice","ANTI-JEWISH"
"1145",2021,5,"QUEENS","FELONY","Religion/Religious Practice","ANTI-JEWISH"
"1146",2021,5,"QUEENS","FELONY","Religion/Religious Practice","ANTI-CATHOLIC"
"1147",2021,6,"QUEENS","FELONY","Religion/Religious Practice","ANTI-JEWISH"
"1148",2021,6,"QUEENS","FELONY","Religion/Religious Practice","ANTI-JEWISH"
"1149",2021,6,"QUEENS","FELONY","Religion/Religious Practice","ANTI-JEWISH"
"1150",2021,3,"QUEENS","MISDEMEANOR","Race/Color","ANTI-ASIAN"
"1151",2021,3,"QUEENS","MISDEMEANOR","Religion/Religious Practice","ANTI-JEWISH"
"1152",2021,6,"QUEENS","FELONY","Race/Color","ANTI-ASIAN"
"1153",2021,5,"QUEENS","MISDEMEANOR","Race/Color","ANTI-ASIAN"
"1154",2021,1,"QUEENS","MISDEMEANOR","Race/Color","ANTI-BLACK"
"1155",2021,9,"QUEENS","MISDEMEANOR","Religion/Religious Practice","ANTI-JEWISH"
"1156",2021,1,"QUEENS","MISDEMEANOR","Religion/Religious Practice","ANTI-JEWISH"
"1157",2021,2,"QUEENS","MISDEMEANOR","Ethnicity/National Origin/Ancestry","ANTI-OTHER ETHNICITY"
"1158",2021,4,"QUEENS","MISDEMEANOR","Religion/Religious Practice","ANTI-JEWISH"
"1159",2021,5,"QUEENS","FELONY","Religion/Religious Practice","ANTI-JEWISH"
"1160",2021,5,"QUEENS","FELONY","Religion/Religious Practice","ANTI-JEWISH"
"1161",2021,8,"QUEENS","MISDEMEANOR","Ethnicity/National Origin/Ancestry","ANTI-HISPANIC"
"1162",2021,9,"QUEENS","FELONY","Religion/Religious Practice","ANTI-JEWISH"
"1163",2021,4,"QUEENS","MISDEMEANOR","Race/Color","ANTI-ASIAN"
"1164",2021,5,"QUEENS","MISDEMEANOR","Race/Color","ANTI-ASIAN"
"1165",2021,5,"QUEENS","FELONY","Sexual Orientation","ANTI-MALE HOMOSEXUAL (GAY)"
"1166",2021,6,"QUEENS","FELONY","Religion/Religious Practice","ANTI-JEWISH"
"1167",2021,9,"QUEENS","FELONY","Sexual Orientation","ANTI-MALE HOMOSEXUAL (GAY)"
"1168",2021,9,"QUEENS","MISDEMEANOR","Sexual Orientation","ANTI-MALE HOMOSEXUAL (GAY)"
"1169",2021,7,"QUEENS","FELONY","Gender","ANTI-GENDER NON-CONFORMING"
"1170",2021,9,"QUEENS","MISDEMEANOR","Race/Color","ANTI-BLACK"
"1171",2021,4,"RICHMOND","FELONY","Race/Color","ANTI-ASIAN"
"1172",2021,5,"RICHMOND","MISDEMEANOR","Race/Color","ANTI-BLACK"
"1173",2021,8,"RICHMOND","FELONY","Religion/Religious Practice","ANTI-JEWISH"
"1174",2021,9,"RICHMOND","MISDEMEANOR","Religion/Religious Practice","ANTI-JEWISH"
"1175",2021,5,"RICHMOND","MISDEMEANOR","Religion/Religious Practice","ANTI-JEWISH"
"1176",2021,3,"RICHMOND","FELONY","Religion/Religious Practice","ANTI-JEWISH"
"1177",2021,7,"RICHMOND","MISDEMEANOR","Ethnicity/National Origin/Ancestry","ANTI-OTHER ETHNICITY"
"1178",2021,8,"RICHMOND","MISDEMEANOR","Religion/Religious Practice","ANTI-JEWISH"
"1179",2021,4,"RICHMOND","MISDEMEANOR","Race/Color","ANTI-BLACK"
"1180",2021,6,"RICHMOND","VIOLATION","Race/Color","ANTI-BLACK"
"1181",2021,8,"RICHMOND","MISDEMEANOR","Religion/Religious Practice","ANTI-MUSLIM"
